"","x"
"1",26.8886154
"2",24.0632241
"3",47.51582059
"4",2.126831127
"5",47.58635419
"6",50.06002592
"7",26.62339329
"8",71.96255996
"9",73.69723373
"10",17.98570951
"11",21.4883356
"12",21.32776371
"13",49.05978648
"14",13.60707235
"15",75.73922794
"16",0
"17",20.67171682
"18",37.06517611
"19",40.10891679
"20",1.571873729
"21",13.57958799
"22",19.5845705
"23",5.831100664
"24",34.70564689
"25",33.31429413
"26",28.19737429
"27",51.62190853
"28",55.27637145
"29",14.11609154
"30",28.41522329
"31",41.52339687
"32",0
"33",15.77189806
"34",32.02769538
"35",43.17090647
"36",1.534950141
"37",11.11065538
"38",27.55018583
"39",7.170837693
"40",30.19903029
"41",66.74950767
"42",29.58712422
"43",54.89834317
"44",67.3026444
"45",13.51744578
"46",33.44897797
"47",50.16438472
"48",0
"49",10.65781182
"50",14.7478961
"51",18.27868619
"52",2.475057616
"53",6.119058475
"54",5.449924218
"55",7.802080337
"56",14.23417841
"57",15.41389344
"58",9.46569581
"59",15.23875818
"60",19.59428889
"61",7.787908452
"62",9.677591971
"63",13.17521743
"64",0
"65",14.01864146
"66",30.5912617
"67",38.15573638
"68",0.456472494
"69",3.867385769
"70",7.024622197
"71",2.84616447
"72",18.8690087
"73",25.0736586
"74",21.66658644
"75",48.48749388
"76",58.61075678
"77",4.169292721
"78",11.38334579
"79",24.41818234
"80",0
"81",14.96739578
"82",30.28625472
"83",39.57783871
"84",0.339837285
"85",3.12306153
"86",5.140109821
"87",3.920306162
"88",15.39753007
"89",22.45064906
"90",23.68617418
"91",42.69485888
"92",54.83360857
"93",6.351542297
"94",14.16472216
"95",17.378304
"96",0
"97",3.606676847
"98",35.07866175
"99",43.31814591
"100",0
"101",29.29817829
"102",37.56535564
"103",0.960810012
"104",59.0196812
"105",70.96873006
"106",35.13952712
"107",37.65445791
"108",51.10248957
"109",3.963450153
"110",31.93031022
"111",48.70823186
"112",0
"113",5.008760546
"114",35.08872433
"115",41.2456065
"116",0
"117",13.9769471
"118",18.89524916
"119",0.705195152
"120",32.63234102
"121",31.81837229
"122",30.4254394
"123",53.63578043
"124",59.4767437
"125",2.014671714
"126",26.51352578
"127",36.85037948
"128",0
"129",4.820162197
"130",34.80628557
"131",46.63249784
"132",0
"133",11.74218494
"134",26.65189435
"135",0.546829898
"136",35.87055638
"137",68.84449525
"138",33.8754215
"139",63.0697188
"140",70.62989218
"141",2.481415648
"142",31.6780045
"143",46.01420049
"144",0
"145",22.16644806
"146",23.21156884
"147",34.74876407
"148",0.948128865
"149",16.64966496
"150",19.99982627
"151",4.992379236
"152",53.99699311
"153",57.37548977
"154",22.61165831
"155",28.75149591
"156",26.98890626
"157",20.85782482
"158",20.73475671
"159",30.87112941
"160",0
"161",20.36096013
"162",38.91690391
"163",41.70005044
"164",0.940121626
"165",14.90450687
"166",19.596159
"167",4.179760101
"168",39.00815943
"169",37.1696242
"170",31.61725517
"171",51.21654271
"172",57.55128922
"173",16.17382734
"174",26.58751317
"175",40.41327646
"176",0
"177",16.96531636
"178",34.37725511
"179",43.5835106
"180",0.828206999
"181",13.33632103
"182",26.96354436
"183",4.206951598
"184",39.80435813
"185",66.76359549
"186",38.14302674
"187",56.51667394
"188",67.97172842
"189",13.29271578
"190",32.5166032
"191",47.33481015
"192",0
"193",43.24687429
"194",47.07201706
"195",46.67923287
"196",1.477833017
"197",52.01663098
"198",49.5332891
"199",15.23801636
"200",76.0080606
"201",63.58868193
"202",56.11678026
"203",74.02586359
"204",72.10640605
"205",60.16915393
"206",76.23980932
"207",73.24593194
"208",0
"209",33.75312128
"210",43.98434681
"211",45.01345928
"212",1.141182686
"213",45.26243148
"214",48.87745577
"215",5.1621109
"216",70.20039276
"217",76.21778678
"218",68.57268466
"219",82.68657767
"220",81.20984491
"221",45.5729521
"222",80.41522119
"223",87.27732283
"224",0
"225",46.27953078
"226",50.46562134
"227",51.209226
"228",1.507859973
"229",54.82010788
"230",55.70113322
"231",5.937925103
"232",83.76110277
"233",78.83510746
"234",80.94739685
"235",94.39775173
"236",95.42335131
"237",65.0220022
"238",98.03589777
"239",99.68653196
"240",0
"241",15.4176361
"242",18.97417112
"243",16.81589184
"244",2.663355036
"245",16.04854773
"246",21.9766332
"247",7.641917878
"248",28.39231834
"249",26.6748995
"250",29.97543001
"251",36.30636065
"252",36.58798902
"253",10.54082024
"254",26.25688388
"255",28.58964812
"256",0
"257",16.88486051
"258",41.29698409
"259",43.73298112
"260",0.655700656
"261",33.62905648
"262",41.48980841
"263",2.599454304
"264",66.02401389
"265",72.39052533
"266",68.84655406
"267",82.1847816
"268",80.58917239
"269",15.19452071
"270",83.87445444
"271",86.003404
"272",0
"273",30.01215681
"274",51.39708789
"275",50.13634297
"276",2.942173839
"277",34.96324083
"278",51.01008234
"279",15.31942872
"280",81.56943098
"281",77.57371189
"282",86.68959994
"283",92.91423383
"284",97.56849953
"285",35.55504656
"286",98.73132029
"287",98.28722602
"288",0
"289",5.980979595
"290",50.58289676
"291",45.08048043
"292",0
"293",42.11946098
"294",49.11143206
"295",0.705225291
"296",70.86219062
"297",66.44951759
"298",65.93988128
"299",66.07082051
"300",66.20793624
"301",6.110691586
"302",67.81850094
"303",72.63064909
"304",0
"305",7.837919121
"306",46.74711139
"307",46.25838016
"308",0
"309",37.03037628
"310",43.69560153
"311",0.595872872
"312",70.54955286
"313",80.90409924
"314",70.2055639
"315",83.08846167
"316",85.14465222
"317",3.149733367
"318",78.08461533
"319",82.13737482
"320",0
"321",7.782359234
"322",53.59986981
"323",51.75674767
"324",0
"325",49.61438009
"326",53.675534
"327",0.646778821
"328",86.59757822
"329",84.89551287
"330",91.39064225
"331",97.29293259
"332",99.61910732
"333",4.166287009
"334",92.57247896
"335",94.69105416
"336",0
"337",45.04873884
"338",45.78100103
"339",44.65371267
"340",0.924541619
"341",44.55887608
"342",43.35721014
"343",3.420166341
"344",72.84831426
"345",65.31185167
"346",56.83280355
"347",76.33726193
"348",73.22050209
"349",36.47724246
"350",68.55764886
"351",69.0890435
"352",0
"353",31.88044847
"354",44.81754321
"355",46.6498955
"356",0.668792684
"357",39.52986412
"358",43.87183311
"359",2.74612364
"360",72.63770939
"361",82.32885806
"362",73.64322424
"363",87.90201497
"364",86.21979782
"365",34.20844443
"366",77.33294235
"367",80.60055876
"368",0
"369",42.28229272
"370",50.28665363
"371",49.58296909
"372",1.18600639
"373",48.46327508
"374",49.9274003
"375",4.582095156
"376",78.80108905
"377",79.44483195
"378",84.85609846
"379",93.31083413
"380",93.87454124
"381",44.02752342
"382",89.48065113
"383",91.48509414
"384",0
"385",11.26422659
"386",37.48204887
"387",41.44106124
"388",0
"389",38.30431575
"390",53.10400856
"391",3.075984359
"392",77.3614474
"393",66.8623452
"394",65.32713775
"395",80.44006159
"396",73.90288444
"397",10.6093201
"398",47.24014126
"399",59.52653189
"400",0
"401",34.71645259
"402",43.57302345
"403",48.32439551
"404",0.607063773
"405",28.83783854
"406",37.43255163
"407",2.85991864
"408",70.01345936
"409",78.088776
"410",70.19867654
"411",81.98080261
"412",85.25720997
"413",39.12894222
"414",76.74229373
"415",84.97992801
"416",0
"417",33.61043599
"418",49.6136763
"419",47.45149232
"420",0.928544459
"421",31.04337853
"422",43.13871983
"423",0
"424",81.91726557
"425",84.29748871
"426",86.21497352
"427",92.93093214
"428",98.03384571
"429",43.93331318
"430",94.93580173
"431",96.14798667
"432",0
"433",7.372693174
"434",9.714563227
"435",9.546870881
"436",1.022402294
"437",12.592787
"438",14.01241706
"439",4.337310253
"440",19.47378974
"441",23.2960789
"442",24.90011385
"443",28.47849533
"444",33.33065232
"445",6.753074014
"446",15.06136862
"447",15.12671706
"448",0
"449",3.88663609
"450",25.83457198
"451",44.5879911
"452",0
"453",15.16664871
"454",40.37403082
"455",0
"456",27.79577337
"457",72.31351298
"458",32.00160024
"459",51.8134607
"460",83.36436834
"461",2.641901391
"462",57.97752811
"463",80.28994263
"464",0
"465",9.564949769
"466",37.21381762
"467",47.09764929
"468",1.100030526
"469",35.70389569
"470",54.89240735
"471",0
"472",57.45048731
"473",77.02732986
"474",69.39855223
"475",85.4419715
"476",92.00324978
"477",21.86178566
"478",83.65433196
"479",92.95670274
"480",0
"481",1.297818598
"482",28.35051675
"483",40.1812432
"484",0
"485",40.45135336
"486",42.27311559
"487",0.910655456
"488",62.16368477
"489",66.88608561
"490",76.83418769
"491",91.6524383
"492",66.37274183
"493",2.534585496
"494",47.17441756
"495",52.43589363
"496",0
"497",3.542495517
"498",39.19686382
"499",45.87563784
"500",0
"501",24.02819715
"502",39.3913488
"503",0
"504",50.04747607
"505",74.62438876
"506",54.58472012
"507",74.81544975
"508",84.20189779
"509",2.234092607
"510",71.60789091
"511",72.77189285
"512",0
"513",4.275083316
"514",40.44190447
"515",46.6599306
"516",0
"517",46.64994849
"518",45.97105208
"519",0
"520",72.38342011
"521",82.71053034
"522",77.8707536
"523",96.59121826
"524",97.94800557
"525",3.498335753
"526",89.32288292
"527",89.21674959
"528",0
"529",9.910073167
"530",33.09515946
"531",39.91592357
"532",0.297246729
"533",43.42467948
"534",45.27500965
"535",0.858974836
"536",68.84924903
"537",64.60847653
"538",63.8547365
"539",76.33612431
"540",73.13965753
"541",4.497312079
"542",40.87667176
"543",40.31664678
"544",0
"545",24.27358667
"546",42.64405348
"547",47.5989822
"548",0.345789289
"549",40.97949244
"550",43.26194293
"551",1.497954505
"552",68.06627781
"553",74.75498754
"554",70.28309787
"555",80.52782377
"556",85.26909551
"557",21.94834142
"558",72.58738213
"559",77.03264152
"560",0
"561",23.09132333
"562",47.555818
"563",46.76206263
"564",0.605197064
"565",47.14534203
"566",45.98211557
"567",0
"568",79.73976585
"569",80.78664078
"570",84.69021766
"571",91.05627032
"572",98.17713445
"573",23.84150703
"574",86.41285544
"575",87.55418753
"576",0
"577",5.328990286
"578",35.45025708
"579",41.3324865
"580",0.843582648
"581",51.8998046
"582",57.85145251
"583",5.746329101
"584",79.76430493
"585",71.75951053
"586",66.51488049
"587",73.25828596
"588",76.19293385
"589",17.91828542
"590",57.18359642
"591",68.68894553
"592",0
"593",25.1420837
"594",40.99109313
"595",45.96047749
"596",1.429258981
"597",39.81522
"598",43.94267867
"599",3.976960117
"600",67.27749777
"601",78.369266
"602",47.69925782
"603",57.79971875
"604",65.34587527
"605",38.45991818
"606",78.01722823
"607",79.09053669
"608",0
"609",30.8246927
"610",53.49467932
"611",53.92524684
"612",2.85091101
"613",53.40370338
"614",54.61432374
"615",9.491590168
"616",85.17057946
"617",81.4856934
"618",85.59541842
"619",90.35242497
"620",88.9275364
"621",50.81603251
"622",93.50991268
"623",96.92264627
"624",0
"625",6.575127297
"626",8.742546332
"627",9.935132826
"628",1.705289038
"629",12.29594301
"630",16.85702349
"631",3.595206135
"632",19.90273024
"633",25.2527032
"634",16.1585109
"635",20.64357371
"636",24.16256349
"637",7.938107708
"638",13.6465536
"639",14.36737015
"640",0
"641",3.956885702
"642",22.516172
"643",39.74593472
"644",0
"645",15.82179421
"646",40.1396941
"647",0.57693322
"648",29.29795514
"649",73.73993868
"650",24.60602271
"651",39.09372544
"652",65.38933316
"653",2.344713425
"654",48.30710262
"655",72.94185386
"656",0
"657",10.00188169
"658",37.52076416
"659",52.58811564
"660",0.862838268
"661",34.28507945
"662",53.14523882
"663",2.173414859
"664",59.96800012
"665",80.9780499
"666",68.0065648
"667",84.91024962
"668",95.07020116
"669",15.22347574
"670",86.41541039
"671",92.13068227
"672",0
"673",2.038853369
"674",28.76096277
"675",44.56045142
"676",0.380918213
"677",44.68712072
"678",52.78848387
"679",1.112658983
"680",67.02083729
"681",72.46627889
"682",55.08984272
"683",63.25759385
"684",66.28326385
"685",6.141106311
"686",54.56358173
"687",63.22469221
"688",0
"689",2.256359852
"690",32.38635793
"691",44.44197306
"692",0
"693",21.71222946
"694",43.86426544
"695",0
"696",39.83155733
"697",78.71189796
"698",34.68494953
"699",51.68395023
"700",69.94718927
"701",1.517636561
"702",65.78374618
"703",79.37053051
"704",0
"705",2.510510682
"706",36.61548208
"707",52.67302388
"708",0
"709",32.99753143
"710",57.53990104
"711",0.544984175
"712",57.85208433
"713",85.89473594
"714",67.67136056
"715",95.55515456
"716",99.03446213
"717",2.310618854
"718",86.53541708
"719",94.50096737
"720",0
"721",7.7649642
"722",31.45776364
"723",39.80414391
"724",0.230274449
"725",47.71300168
"726",54.76985941
"727",0.737631078
"728",74.13888356
"729",71.26504827
"730",64.02888238
"731",74.63930208
"732",76.16070518
"733",5.908085833
"734",52.86647451
"735",56.03413013
"736",0
"737",12.72121896
"738",41.67771463
"739",43.87448476
"740",0.316193405
"741",40.29418927
"742",45.40015878
"743",0.778234105
"744",65.05218409
"745",78.61961971
"746",45.30738516
"747",56.65401799
"748",68.60611463
"749",12.48635948
"750",69.81626316
"751",75.30179851
"752",0
"753",14.49254361
"754",52.13571621
"755",48.86581696
"756",0.364667905
"757",55.18037009
"758",55.01223205
"759",1.087256852
"760",81.22830675
"761",80.71099803
"762",86.20017514
"763",84.17796028
"764",95.67591323
"765",14.50083816
"766",91.52862329
"767",92.65898323
"768",0
"769",12.6512469
"770",13.83708642
"771",15.0343232
"772",1.856863727
"773",4.344676685
"774",5.971176669
"775",8.323184663
"776",13.24692026
"777",15.01178808
"778",12.98584411
"779",17.08756486
"780",19.42152909
"781",61.68885211
"782",64.52902546
"783",64.66756982
"784",0
"785",14.26895253
"786",24.93013825
"787",38.55067304
"788",0
"789",1.224185961
"790",2.633257106
"791",1.932595354
"792",8.432863834
"793",11.40684881
"794",16.82928554
"795",35.53815083
"796",41.96438983
"797",2.917168593
"798",7.768371677
"799",14.74148388
"800",0
"801",21.50977994
"802",20.96272395
"803",26.67806508
"804",0
"805",3.941726457
"806",7.774794319
"807",2.331533569
"808",15.28777504
"809",23.43579167
"810",15.69796379
"811",27.33482675
"812",34.44632451
"813",9.061926079
"814",20.11332693
"815",25.93974836
"816",0
"817",2.968869757
"818",2.391870808
"819",20.86747592
"820",2.064063489
"821",11.1309805
"822",14.36693621
"823",9.085602443
"824",51.71538404
"825",53.23936389
"826",10.59565991
"827",12.24156469
"828",12.7214048
"829",20.53476821
"830",16.03639807
"831",19.29401032
"832",0
"833",24.42152468
"834",35.72058232
"835",34.68866542
"836",1.299881507
"837",17.26980964
"838",28.37187434
"839",5.370036774
"840",37.71186321
"841",36.02889558
"842",32.92776022
"843",59.55262648
"844",57.6053748
"845",18.46342998
"846",36.80966237
"847",44.33084711
"848",0
"849",26.52646529
"850",40.07198822
"851",44.04700483
"852",0.844427684
"853",10.60791195
"854",19.44976087
"855",4.67315366
"856",33.71090461
"857",58.95423439
"858",32.36907857
"859",58.30938102
"860",63.62909921
"861",15.1458408
"862",31.9937252
"863",53.36463944
"864",0
"865",5.928429551
"866",9.302544665
"867",34.88077285
"868",0.47110416
"869",28.77482765
"870",35.21497708
"871",4.111488109
"872",64.27233548
"873",65.69456697
"874",14.11480355
"875",17.56349703
"876",15.1215994
"877",12.74466628
"878",14.21418921
"879",16.84841979
"880",0
"881",19.58685815
"882",43.74297776
"883",41.13226409
"884",0.43718104
"885",23.41191123
"886",34.22871308
"887",2.005732083
"888",50.97511306
"889",50.54514481
"890",39.19022489
"891",59.13712916
"892",63.46127974
"893",14.56258268
"894",42.70687587
"895",51.1783537
"896",0
"897",20.79893886
"898",44.03844861
"899",47.42870408
"900",0.389738186
"901",14.82994008
"902",27.38026406
"903",1.922791563
"904",42.32124218
"905",66.26745697
"906",38.26811211
"907",65.27849508
"908",69.51698512
"909",11.65114169
"910",35.81675951
"911",49.09682213
"912",0
"913",7.529872142
"914",6.207239873
"915",6.570809399
"916",1.437204695
"917",3.173409432
"918",3.841376565
"919",5.555292598
"920",8.265401421
"921",7.74418158
"922",8.325690944
"923",11.6286041
"924",12.26145138
"925",0
"926",0
"927",0
"928",0
"929",0
"930",0
"931",0.90886504
"932",0
"933",0
"934",0
"935",0
"936",0
"937",2.861266724
"938",1.750205496
"939",2.483549677
"940",3.276927676
"941",19.54000931
"942",22.73241339
"943",23.80061603
"944",0
"945",0.323932677
"946",0.797104719
"947",1.464547888
"948",0
"949",0
"950",0
"951",0
"952",0
"953",0.640485616
"954",0
"955",2.151156432
"956",4.021363225
"957",20.0815606
"958",23.27699716
"959",24.54431776
"960",0
"961",14.56538038
"962",18.74350865
"963",19.60839775
"964",2.060581853
"965",16.39030586
"966",19.65840226
"967",6.853480142
"968",26.75645727
"969",27.04861196
"970",31.29909936
"971",35.2030282
"972",40.08669181
"973",68.76495224
"974",74.00970333
"975",70.58038327
"976",0
"977",12.56300254
"978",47.02427089
"979",48.56121582
"980",0.529819216
"981",47.2768797
"982",55.19349187
"983",NA
"984",73.2728017
"985",77.78682066
"986",69.39495874
"987",84.60201966
"988",85.14015258
"989",12.48383732
"990",78.00495066
"991",83.73721982
"992",0
"993",26.05284451
"994",53.83922891
"995",52.3137348
"996",3.500057239
"997",49.39865649
"998",56.13504943
"999",16.2490011
"1000",79.87241595
"1001",81.15116736
"1002",88.44637346
"1003",93.09950718
"1004",99.99999
"1005",36.89391539
"1006",94.34623373
"1007",93.02887198
"1008",0
"1009",34.28672739
"1010",51.07128287
"1011",44.71241275
"1012",1.112505085
"1013",50.90618574
"1014",54.23706048
"1015",4.695061055
"1016",83.3036144
"1017",70.00785114
"1018",52.85443039
"1019",72.15476775
"1020",73.13874552
"1021",18.412337
"1022",1.57607478
"1023",1.834161249
"1024",0
"1025",39.94694428
"1026",54.22375463
"1027",50.12467654
"1028",1.102452884
"1029",45.39654665
"1030",51.57354724
"1031",NA
"1032",77.85802389
"1033",80.13587028
"1034",80.58863006
"1035",86.2541164
"1036",91.93340238
"1037",49.30997149
"1038",86.10507439
"1039",88.16754027
"1040",0
"1041",45.04099086
"1042",52.01896484
"1043",50.27132659
"1044",1.402918235
"1045",50.57898439
"1046",51.23480839
"1047",6.591475121
"1048",83.09647392
"1049",79.26160687
"1050",86.19439925
"1051",91.26694463
"1052",95.38648822
"1053",63.26443611
"1054",94.87994774
"1055",93.42111456
"1056",0
"1057",31.76101887
"1058",47.94242943
"1059",42.81292825
"1060",0.39886034
"1061",45.57576479
"1062",49.32093179
"1063",3.622466468
"1064",75.31115449
"1065",67.19184926
"1066",54.63079808
"1067",63.14714159
"1068",63.83709974
"1069",20.39347896
"1070",0
"1071",0
"1072",0
"1073",34.30918762
"1074",52.55061961
"1075",52.37811419
"1076",0.695297498
"1077",43.182647
"1078",52.5635645
"1079",3.012114112
"1080",80.58281911
"1081",81.02094948
"1082",76.63515592
"1083",88.44485055
"1084",90.22793001
"1085",30.758172
"1086",85.68357471
"1087",86.971127
"1088",0
"1089",34.96627405
"1090",NA
"1091",NA
"1092",0.97555089
"1093",44.07099157
"1094",48.93807733
"1095",3.893641215
"1096",79.05542624
"1097",79.63886176
"1098",86.00345438
"1099",92.13719474
"1100",91.51096876
"1101",30.83522639
"1102",92.72370704
"1103",92.25602815
"1104",0
"1105",10.83765987
"1106",12.50803772
"1107",12.73955434
"1108",2.394993092
"1109",11.43188302
"1110",12.30347995
"1111",6.790590461
"1112",20.80036721
"1113",21.68053196
"1114",17.93331506
"1115",19.21909567
"1116",20.19717377
"1117",0
"1118",0
"1119",0
"1120",0
"1121",0.790615186
"1122",2.526419198
"1123",3.157273626
"1124",0
"1125",2.851219855
"1126",6.027659819
"1127",0.560055079
"1128",7.355604
"1129",12.61728598
"1130",NA
"1131",11.74526924
"1132",16.42931186
"1133",21.0553345
"1134",25.49533974
"1135",27.0324058
"1136",0
"1137",20.40750029
"1138",35.11112268
"1139",41.66896399
"1140",0.786304198
"1141",13.26476777
"1142",21.13166214
"1143",5.300523111
"1144",36.10138622
"1145",51.5197813
"1146",81.90690038
"1147",90.04314921
"1148",93.69058626
"1149",37.68845114
"1150",63.38036462
"1151",63.36872862
"1152",0
"1153",9.322132163
"1154",13.23389373
"1155",12.65611523
"1156",0.862512473
"1157",11.12595571
"1158",11.33541199
"1159",3.848767902
"1160",26.55673667
"1161",25.42117806
"1162",23.70056273
"1163",25.95507424
"1164",35.80276164
"1165",66.85191048
"1166",70.56509529
"1167",66.6354412
"1168",0
"1169",3.468901589
"1170",31.17955703
"1171",44.26289513
"1172",0
"1173",11.31352123
"1174",33.79435982
"1175",0
"1176",36.54381967
"1177",78.50560016
"1178",32.19059222
"1179",55.46040564
"1180",81.63511603
"1181",4.546243303
"1182",60.54913452
"1183",71.15077458
"1184",NA
"1185",22.42347536
"1186",41.46468331
"1187",54.24578847
"1188",1.581660756
"1189",20.76458994
"1190",36.05750203
"1191",7.805738503
"1192",52.90774845
"1193",83.29437838
"1194",50.80872036
"1195",71.49385038
"1196",99.99999
"1197",29.94942755
"1198",80.02767877
"1199",88.40427326
"1200",0
"1201",7.021683633
"1202",32.41068171
"1203",34.60429695
"1204",0.51807887
"1205",38.44240466
"1206",50.89816476
"1207",5.429390182
"1208",70.22907456
"1209",73.4448659
"1210",68.99091328
"1211",87.93113193
"1212",89.46707858
"1213",6.160292213
"1214",4.80921591
"1215",4.592618792
"1216",0
"1217",25.85124884
"1218",48.4805474
"1219",47.29404915
"1220",0.682447226
"1221",40.82349272
"1222",45.50089871
"1223",2.461539411
"1224",73.58359974
"1225",79.18190676
"1226",78.17281005
"1227",84.44355873
"1228",91.20970452
"1229",40.48243437
"1230",78.37132703
"1231",NA
"1232",0
"1233",23.89038147
"1234",46.79588748
"1235",46.14092963
"1236",0.81239337
"1237",34.83452753
"1238",44.26066466
"1239",9.034825048
"1240",74.23566846
"1241",78.10978605
"1242",86.12188158
"1243",87.95919128
"1244",92.35381549
"1245",42.37662469
"1246",89.5866498
"1247",88.35188783
"1248",0
"1249",1.039364305
"1250",23.78240992
"1251",28.58196621
"1252",0
"1253",44.72607544
"1254",37.40734019
"1255",7.259312325
"1256",68.29340203
"1257",71.5462211
"1258",69.08248124
"1259",88.30829539
"1260",92.90401218
"1261",1.691952122
"1262",0.955483806
"1263",0.597977578
"1264",0
"1265",13.50296194
"1266",48.49744103
"1267",50.86308576
"1268",0
"1269",47.57684436
"1270",54.42113597
"1271",0
"1272",77.66498135
"1273",81.47790375
"1274",63.40623793
"1275",77.4707991
"1276",90.37135809
"1277",13.89042777
"1278",81.62368897
"1279",83.33821324
"1280",0
"1281",18.21528105
"1282",49.51819322
"1283",47.67937659
"1284",0.354218547
"1285",48.43208177
"1286",43.57558027
"1287",4.228381568
"1288",79.45834404
"1289",79.06108402
"1290",87.76406197
"1291",93.03255731
"1292",98.84920594
"1293",14.59032311
"1294",93.74857618
"1295",93.10117477
"1296",0
"1297",3.63508139
"1298",8.251812755
"1299",8.371090186
"1300",0.464178524
"1301",9.793873198
"1302",10.66750923
"1303",6.254328913
"1304",12.75985148
"1305",19.90817203
"1306",22.79957962
"1307",21.49557132
"1308",22.11361026
"1309",0
"1310",0
"1311",0
"1312",0
"1313",0
"1314",0.666561482
"1315",0.805677293
"1316",0
"1317",0.643748157
"1318",1.179429435
"1319",0
"1320",0
"1321",NA
"1322",3.045995181
"1323",2.746121216
"1324",3.990503358
"1325",20.46026555
"1326",21.99352991
"1327",24.09811757
"1328",0
"1329",7.811035954
"1330",12.91242154
"1331",14.75254468
"1332",0.447009792
"1333",6.245379727
"1334",10.13869105
"1335",7.023455372
"1336",21.60951607
"1337",30.16538696
"1338",58.61425338
"1339",71.25057447
"1340",87.4496615
"1341",29.44102359
"1342",39.52795027
"1343",43.52746752
"1344",0
"1345",9.062775444
"1346",13.5242012
"1347",13.8481868
"1348",1.858564029
"1349",13.88581248
"1350",16.72117045
"1351",6.264897465
"1352",23.31600153
"1353",26.3918508
"1354",19.27582448
"1355",20.15990301
"1356",27.24737039
"1357",68.47251074
"1358",71.41375314
"1359",68.57486471
"1360",0
"1361",3.309805744
"1362",19.84794125
"1363",35.66483427
"1364",0
"1365",15.1448727
"1366",47.46105675
"1367",0.620480408
"1368",27.30055458
"1369",67.48065191
"1370",17.3168226
"1371",16.25514799
"1372",50.42857568
"1373",4.713893798
"1374",45.27091516
"1375",58.943816
"1376",0
"1377",20.59737033
"1378",33.22033214
"1379",48.38997285
"1380",2.018550488
"1381",28.52881836
"1382",49.32388819
"1383",7.120028255
"1384",49.40490981
"1385",74.16554821
"1386",44.47903411
"1387",59.28097568
"1388",81.51017538
"1389",28.30443344
"1390",68.89095082
"1391",84.40270662
"1392",0
"1393",5.298717423
"1394",41.59326244
"1395",44.78270058
"1396",1.262424529
"1397",53.17975334
"1398",54.63240731
"1399",4.246823607
"1400",82.46360414
"1401",79.07623711
"1402",74.61155282
"1403",83.37705512
"1404",91.37329051
"1405",9.147761663
"1406",1.707595349
"1407",2.733728741
"1408",0
"1409",25.8434488
"1410",48.06786456
"1411",48.00212967
"1412",0.85894734
"1413",46.19696168
"1414",51.39664392
"1415",2.615785832
"1416",73.85492194
"1417",78.46972259
"1418",61.91869342
"1419",66.70576357
"1420",69.8410056
"1421",35.8579046
"1422",81.6084941
"1423",84.5566149
"1424",0
"1425",28.68684159
"1426",53.85457225
"1427",55.16379105
"1428",1.068125406
"1429",54.23706273
"1430",50.10376029
"1431",3.135484875
"1432",80.39591728
"1433",82.63071562
"1434",89.88953077
"1435",92.89765441
"1436",94.14846732
"1437",41.58551371
"1438",95.12897845
"1439",92.39124083
"1440",0
"1441",1.261091862
"1442",12.61696696
"1443",36.64285561
"1444",0
"1445",52.34346738
"1446",57.08877056
"1447",1.117675591
"1448",83.14947865
"1449",82.84063003
"1450",80.49152522
"1451",89.89767813
"1452",94.29690562
"1453",2.241763673
"1454",1.826315609
"1455",0.747631534
"1456",0
"1457",9.328786223
"1458",45.92980056
"1459",52.24472601
"1460",0.338169234
"1461",43.34412585
"1462",53.38444046
"1463",0.841459123
"1464",72.1822742
"1465",83.93941968
"1466",38.32865111
"1467",59.55424843
"1468",77.75555198
"1469",11.79076705
"1470",83.93526521
"1471",90.73131654
"1472",0
"1473",12.78013721
"1474",49.15372199
"1475",55.56585889
"1476",0.355367929
"1477",50.10834683
"1478",53.33497035
"1479",0.968826586
"1480",80.68492948
"1481",83.05466982
"1482",81.37846659
"1483",89.47412112
"1484",95.75260589
"1485",9.967076399
"1486",86.08980917
"1487",94.54981251
"1488",0
"1489",1.784972431
"1490",7.440214513
"1491",6.314819709
"1492",0.999277443
"1493",10.41519753
"1494",8.359123764
"1495",3.67828301
"1496",11.71308162
"1497",13.97997531
"1498",14.35152074
"1499",15.08654076
"1500",20.14340795
"1501",0
"1502",0
"1503",0
"1504",0
"1505",0
"1506",0.449135277
"1507",0.726790688
"1508",0
"1509",0
"1510",0
"1511",0
"1512",0
"1513",3.693986506
"1514",NA
"1515",2.398450819
"1516",4.24547498
"1517",19.76841529
"1518",23.14988163
"1519",24.5860919
"1520",0
"1521",2.832563629
"1522",7.993089715
"1523",12.93168151
"1524",0
"1525",5.592490444
"1526",7.956770314
"1527",0.628553584
"1528",11.32202809
"1529",20.74522627
"1530",35.61880796
"1531",41.04141598
"1532",55.11524561
"1533",24.77364754
"1534",33.50680291
"1535",41.89146593
"1536",0
"1537",11.59050003
"1538",12.36887401
"1539",16.16257939
"1540",1.729864191
"1541",4.215754471
"1542",4.112217946
"1543",7.911192525
"1544",13.99630758
"1545",18.40781284
"1546",13.98755594
"1547",20.04239857
"1548",19.49452071
"1549",9.474964289
"1550",10.26328927
"1551",14.9442896
"1552",0
"1553",15.11582189
"1554",28.39895545
"1555",34.38141407
"1556",0.377050084
"1557",9.043513945
"1558",13.524053
"1559",3.045865819
"1560",26.51530021
"1561",28.15132537
"1562",22.49487977
"1563",37.83294904
"1564",43.37501152
"1565",10.00638892
"1566",21.4669222
"1567",32.75793304
"1568",0
"1569",11.65330714
"1570",22.58353247
"1571",35.26155109
"1572",0.275668441
"1573",4.057606054
"1574",8.039691846
"1575",2.547971795
"1576",17.09448081
"1577",30.59514524
"1578",26.31222578
"1579",50.09944792
"1580",55.00354925
"1581",6.968929302
"1582",18.1188647
"1583",29.06844689
"1584",0
"1585",1.25144582
"1586",8.110761371
"1587",9.109122278
"1588",0.121773863
"1589",3.267294839
"1590",9.105544009
"1591",0.689951869
"1592",8.876631997
"1593",6.083579291
"1594",7.972544215
"1595",11.17697809
"1596",13.03686492
"1597",3.23775549
"1598",7.996830791
"1599",9.676524882
"1600",0
"1601",0
"1602",3.342369627
"1603",23.70536277
"1604",0
"1605",0
"1606",1.742923089
"1607",0
"1608",1.132043957
"1609",4.889819476
"1610",4.510171982
"1611",34.38173794
"1612",42.29478749
"1613",0
"1614",5.948041851
"1615",8.970807298
"1616",0
"1617",0
"1618",3.074612079
"1619",14.24693951
"1620",0
"1621",0
"1622",0.878081853
"1623",0
"1624",0.830867403
"1625",2.902396599
"1626",6.536001371
"1627",46.5446166
"1628",46.08846314
"1629",0
"1630",3.074693717
"1631",5.085670913
"1632",0
"1633",18.46507819
"1634",13.47157217
"1635",37.38354754
"1636",1.208332351
"1637",39.67142934
"1638",41.17834608
"1639",10.30004263
"1640",61.72597738
"1641",62.91956913
"1642",19.78619625
"1643",23.5354934
"1644",21.9180702
"1645",47.96214472
"1646",27.15198165
"1647",76.45126838
"1648",0
"1649",0
"1650",30.36311877
"1651",31.86956379
"1652",0.542497492
"1653",14.09805788
"1654",17.10738006
"1655",3.019148584
"1656",33.44114491
"1657",35.15374563
"1658",24.23900204
"1659",43.49187499
"1660",48.23965662
"1661",14.0670777
"1662",26.30947521
"1663",35.92744664
"1664",0
"1665",12.90070345
"1666",25.0144043
"1667",42.53147932
"1668",0.44794504
"1669",12.94497014
"1670",24.71545556
"1671",2.841459947
"1672",36.58244249
"1673",64.13599101
"1674",32.16531055
"1675",51.64764803
"1676",58.39892185
"1677",13.37572764
"1678",30.61273502
"1679",47.66948987
"1680",0
"1681",9.055172217
"1682",8.916453721
"1683",8.674987339
"1684",1.468935867
"1685",2.627491811
"1686",4.471163192
"1687",6.90640733
"1688",8.653540466
"1689",10.22354965
"1690",7.147436012
"1691",9.80291595
"1692",10.13794025
"1693",3.031273928
"1694",4.546819288
"1695",8.546147234
"1696",0
"1697",7.131859569
"1698",17.58389829
"1699",26.35991815
"1700",0
"1701",0.665064231
"1702",2.871965335
"1703",0
"1704",4.892554111
"1705",8.121165956
"1706",11.68964545
"1707",24.97534285
"1708",29.2582978
"1709",0.894637207
"1710",2.546576237
"1711",7.473385241
"1712",0
"1713",9.967512853
"1714",17.78386933
"1715",18.90594075
"1716",0
"1717",2.785991996
"1718",3.936030958
"1719",3.462173057
"1720",12.57060724
"1721",12.67179243
"1722",14.22488447
"1723",19.78249574
"1724",23.41994655
"1725",6.131625875
"1726",9.894361569
"1727",12.53742021
"1728",0
"1729",9.616112883
"1730",13.66496862
"1731",11.85429164
"1732",2.579332416
"1733",16.4358293
"1734",18.29616546
"1735",2.889330361
"1736",19.25650723
"1737",19.42489921
"1738",30.38899776
"1739",38.88072897
"1740",40.27887601
"1741",11.94269708
"1742",21.93776353
"1743",23.04134387
"1744",0
"1745",10.309392
"1746",32.25917309
"1747",36.38251036
"1748",0.321740184
"1749",33.60384304
"1750",42.00742206
"1751",1.095223411
"1752",52.43953497
"1753",54.90007838
"1754",54.22895975
"1755",63.56431346
"1756",63.2869505
"1757",12.05436323
"1758",57.02971842
"1759",54.65489395
"1760",0
"1761",23.76547665
"1762",35.88987774
"1763",46.36906778
"1764",0.857255308
"1765",44.39407022
"1766",53.10447809
"1767",5.49871711
"1768",68.26027768
"1769",67.19924832
"1770",73.07610721
"1771",81.15618498
"1772",79.52732954
"1773",39.62688642
"1774",82.02772208
"1775",86.76211847
"1776",0
"1777",10.05139356
"1778",12.33593597
"1779",10.49048013
"1780",0.970983294
"1781",13.33701887
"1782",17.14482537
"1783",4.522238884
"1784",14.62829911
"1785",13.95628888
"1786",19.47556274
"1787",21.66443641
"1788",18.99441923
"1789",12.14875689
"1790",14.44407911
"1791",11.72782605
"1792",0
"1793",0.330501293
"1794",5.800095284
"1795",9.518190042
"1796",0
"1797",6.77799041
"1798",14.9053934
"1799",0
"1800",12.68915479
"1801",30.40581968
"1802",8.246523526
"1803",36.7072802
"1804",54.29333472
"1805",0
"1806",19.13564251
"1807",13.7385945
"1808",0
"1809",0.419612341
"1810",11.85943612
"1811",33.82793233
"1812",0
"1813",13.87014343
"1814",33.28584241
"1815",0
"1816",24.59821074
"1817",66.86881109
"1818",14.03184959
"1819",60.85990802
"1820",80.53864746
"1821",0
"1822",46.74806516
"1823",45.53588257
"1824",0
"1825",21.18588073
"1826",23.00642082
"1827",39.51659226
"1828",2.048615833
"1829",44.92520247
"1830",47.05254638
"1831",13.82100293
"1832",72.6088082
"1833",69.38989345
"1834",62.426823
"1835",76.21686958
"1836",70.35430221
"1837",59.99235473
"1838",75.38356191
"1839",78.29631742
"1840",0
"1841",26.29043032
"1842",34.77458228
"1843",37.39782282
"1844",0.96264489
"1845",39.32908802
"1846",40.32887688
"1847",4.451923676
"1848",61.04819615
"1849",59.7575144
"1850",57.84627264
"1851",65.93366748
"1852",63.71103229
"1853",38.01577432
"1854",66.0578891
"1855",62.40731324
"1856",0
"1857",28.72536954
"1858",34.91231211
"1859",45.90687609
"1860",1.413781414
"1861",50.43757677
"1862",52.0133379
"1863",5.620589612
"1864",73.06292012
"1865",75.59377488
"1866",76.3025428
"1867",80.02551627
"1868",83.65366275
"1869",45.11238212
"1870",78.61845192
"1871",84.40416295
"1872",0
"1873",8.912186757
"1874",10.72342611
"1875",11.81277895
"1876",1.84960131
"1877",9.065649451
"1878",13.83920399
"1879",4.278834497
"1880",16.48404533
"1881",17.45236147
"1882",18.18990312
"1883",23.65087488
"1884",26.69194458
"1885",8.194090633
"1886",14.81646107
"1887",16.67869351
"1888",0
"1889",4.385154303
"1890",27.07281953
"1891",30.11809644
"1892",0
"1893",25.94022732
"1894",35.19969401
"1895",0.478819391
"1896",47.92550874
"1897",50.62222146
"1898",38.10999093
"1899",54.30595244
"1900",57.95225277
"1901",3.496970929
"1902",46.50216111
"1903",49.89638876
"1904",0
"1905",14.03295033
"1906",33.32323005
"1907",44.03901684
"1908",4.510108394
"1909",31.15457228
"1910",42.55967392
"1911",16.12823791
"1912",58.864107
"1913",61.87528527
"1914",63.35366236
"1915",81.85780625
"1916",86.21496371
"1917",26.57993699
"1918",73.72948461
"1919",77.85078652
"1920",0
"1921",3.167837071
"1922",1.983204496
"1923",2.106143629
"1924",0.295056228
"1925",9.853260903
"1926",9.685019183
"1927",2.658633939
"1928",14.46737016
"1929",17.15607423
"1930",28.40072634
"1931",32.01759643
"1932",39.75657581
"1933",1.859601121
"1934",3.947187556
"1935",5.007207988
"1936",0
"1937",2.874679313
"1938",28.48464058
"1939",35.59381518
"1940",0
"1941",19.70724871
"1942",37.2145199
"1943",5.479660726
"1944",38.82629912
"1945",64.96884309
"1946",42.31281665
"1947",57.9744807
"1948",65.15148191
"1949",3.551606076
"1950",53.91867484
"1951",62.34681732
"1952",0
"1953",4.68080841
"1954",29.59583126
"1955",43.56818344
"1956",0
"1957",35.46998729
"1958",49.74093184
"1959",5.688672061
"1960",64.99704829
"1961",75.71719698
"1962",77.92695821
"1963",88.82757824
"1964",84.31065923
"1965",8.955957809
"1966",80.64990682
"1967",92.20931063
"1968",0
"1969",2.887815395
"1970",11.65626027
"1971",12.51034862
"1972",0.1532428
"1973",10.4212352
"1974",15.44371593
"1975",1.034854608
"1976",15.70792465
"1977",11.23128528
"1978",13.20129952
"1979",14.46827704
"1980",13.88482007
"1981",6.968372781
"1982",15.40870509
"1983",14.85665703
"1984",0
"1985",0
"1986",4.220973073
"1987",11.98186799
"1988",0
"1989",3.378377543
"1990",15.30703648
"1991",3.549284452
"1992",7.705318498
"1993",41.94054392
"1994",9.609943508
"1995",15.35251148
"1996",43.16671419
"1997",0
"1998",11.61765415
"1999",12.24697181
"2000",0
"2001",0.413827697
"2002",9.508022367
"2003",32.14841463
"2004",0
"2005",7.275251821
"2006",35.33585167
"2007",3.20619178
"2008",16.32124134
"2009",73.16269955
"2010",21.81045338
"2011",48.23235239
"2012",78.78970759
"2013",0
"2014",12.90161423
"2015",26.6793303
"2016",0
"2017",8.171441334
"2018",19.65092582
"2019",39.13544884
"2020",0
"2021",47.81434881
"2022",48.36396181
"2023",1.372286353
"2024",67.28395541
"2025",74.23518284
"2026",73.53944548
"2027",79.65524299
"2028",84.58893866
"2029",8.990373152
"2030",48.47717448
"2031",70.14574928
"2032",0
"2033",16.06858475
"2034",33.41994964
"2035",36.38014621
"2036",0.35921569
"2037",38.49679424
"2038",40.47969677
"2039",5.094725505
"2040",59.16896654
"2041",65.19833527
"2042",57.83107149
"2043",62.53871196
"2044",65.59087383
"2045",21.23653704
"2046",61.27839379
"2047",63.81281277
"2048",0
"2049",14.2414228
"2050",33.56777138
"2051",45.52244321
"2052",0.49264217
"2053",52.14134094
"2054",49.57379186
"2055",7.18319285
"2056",75.03674068
"2057",79.76639273
"2058",79.07949659
"2059",86.78620377
"2060",89.32312927
"2061",20.99661905
"2062",86.07412603
"2063",93.58777419
"2064",0
"2065",6.945630993
"2066",8.368171473
"2067",10.75855339
"2068",0.5287627
"2069",9.492103343
"2070",12.42396719
"2071",3.257714985
"2072",15.67304028
"2073",16.97838607
"2074",16.31613355
"2075",19.93006899
"2076",24.6686189
"2077",7.371601311
"2078",10.88559026
"2079",13.1837798
"2080",0
"2081",0.871820746
"2082",10.20185762
"2083",28.77460219
"2084",0
"2085",4.728362295
"2086",35.24488191
"2087",4.103392125
"2088",10.36729294
"2089",56.21933491
"2090",13.57914578
"2091",24.95867786
"2092",49.7806525
"2093",0
"2094",26.20309393
"2095",40.57039192
"2096",0
"2097",7.387205125
"2098",22.3492694
"2099",47.05511825
"2100",0.987020024
"2101",17.55880282
"2102",43.58283319
"2103",12.47762059
"2104",32.02304313
"2105",72.70979963
"2106",36.05565123
"2107",46.16924796
"2108",87.75322874
"2109",24.93118771
"2110",45.52509107
"2111",70.18702806
"2112",0
"2113",1.918248424
"2114",2.933858815
"2115",3.446957245
"2116",0
"2117",7.829216765
"2118",11.24955158
"2119",0.628858286
"2120",12.30029297
"2121",17.30024922
"2122",17.08713871
"2123",21.75875381
"2124",27.05720868
"2125",2.029011587
"2126",3.679918653
"2127",5.39705828
"2128",0
"2129",3.399446884
"2130",24.03126631
"2131",37.04718214
"2132",0
"2133",20.36820588
"2134",37.1376218
"2135",0.375286042
"2136",34.22216946
"2137",60.33199916
"2138",28.41978949
"2139",37.45572206
"2140",46.33728613
"2141",3.063860217
"2142",43.8122723
"2143",54.92415457
"2144",0
"2145",7.259820865
"2146",29.47262424
"2147",47.11942721
"2148",0.382305168
"2149",42.90896956
"2150",50.10463357
"2151",1.379250532
"2152",66.71317285
"2153",76.22505116
"2154",70.04834525
"2155",82.57086092
"2156",90.31730943
"2157",11.31144666
"2158",79.68761126
"2159",91.69839995
"2160",0
"2161",1.069060713
"2162",5.105134806
"2163",3.280980517
"2164",0
"2165",3.302452152
"2166",11.0075153
"2167",0.836644888
"2168",7.242678118
"2169",7.957289224
"2170",5.427048525
"2171",4.952408524
"2172",6.244420828
"2173",0.750246803
"2174",5.82300352
"2175",6.214566797
"2176",0
"2177",0
"2178",3.160193721
"2179",8.104754995
"2180",0
"2181",2.004686227
"2182",6.894237827
"2183",0
"2184",4.677881799
"2185",16.33859929
"2186",3.547951578
"2187",7.467378263
"2188",15.10235685
"2189",0
"2190",6.275458681
"2191",6.702513015
"2192",0
"2193",0.299153601
"2194",6.9479336
"2195",39.56647024
"2196",0
"2197",4.988380083
"2198",39.27719826
"2199",0
"2200",10.46965924
"2201",70.2716235
"2202",13.55922704
"2203",36.35900481
"2204",79.01720716
"2205",0
"2206",14.39054676
"2207",47.30915738
"2208",0
"2209",1.831351486
"2210",9.025273637
"2211",31.74709006
"2212",0
"2213",45.98289688
"2214",46.93920076
"2215",0.66547915
"2216",61.80395318
"2217",68.3339655
"2218",70.41045785
"2219",77.6347291
"2220",79.76966371
"2221",1.779970363
"2222",31.49662818
"2223",70.31871872
"2224",0
"2225",9.550418032
"2226",33.30841773
"2227",34.84480888
"2228",0.319224301
"2229",31.39385907
"2230",35.25588385
"2231",1.279456438
"2232",50.41927701
"2233",57.65452227
"2234",33.09635306
"2235",40.91072057
"2236",46.38749412
"2237",13.31813914
"2238",53.12382569
"2239",57.26273694
"2240",0
"2241",10.68115857
"2242",33.95037625
"2243",47.09445645
"2244",0.492662711
"2245",48.41843845
"2246",50.21013597
"2247",1.542228309
"2248",74.39518038
"2249",76.98654081
"2250",75.55480498
"2251",87.36384149
"2252",86.76065944
"2253",11.83956232
"2254",83.80386815
"2255",92.12702212
"2256",0
"2257",3.449624718
"2258",3.932288397
"2259",5.419599738
"2260",0
"2261",4.7783658
"2262",8.071196301
"2263",0.526967727
"2264",9.746425367
"2265",14.43785417
"2266",8.586375019
"2267",11.06445724
"2268",15.42196799
"2269",2.238996806
"2270",8.862814974
"2271",10.8296376
"2272",0
"2273",0.432282788
"2274",4.469322068
"2275",18.53801466
"2276",0
"2277",3.046255894
"2278",24.02218457
"2279",0
"2280",5.605744575
"2281",39.2434395
"2282",3.747141461
"2283",6.703331473
"2284",17.35228888
"2285",0
"2286",12.57405954
"2287",29.29764197
"2288",0
"2289",6.92498784
"2290",19.60222309
"2291",43.94123378
"2292",1.061200258
"2293",17.8480573
"2294",39.0058585
"2295",2.373221649
"2296",29.36083658
"2297",68.1907703
"2298",29.35743486
"2299",35.64598437
"2300",77.54677515
"2301",7.732563505
"2302",36.03481726
"2303",63.99072189
"2304",0
"2305",0
"2306",0.296524645
"2307",0
"2308",0
"2309",0
"2310",0
"2311",0
"2312",0
"2313",0
"2314",0
"2315",0
"2316",0
"2317",0
"2318",0
"2319",0
"2320",0
"2321",17.36491347
"2322",27.46647446
"2323",34.89767991
"2324",0.426836265
"2325",9.912732719
"2326",21.7977125
"2327",2.86790041
"2328",34.68012306
"2329",42.17741181
"2330",26.14998957
"2331",49.4018977
"2332",40.9724255
"2333",11.67138777
"2334",26.55730378
"2335",38.4179882
"2336",0
"2337",18.14790513
"2338",31.22142105
"2339",45.90521481
"2340",0.344428756
"2341",6.408110436
"2342",15.48048004
"2343",2.68757234
"2344",23.14452899
"2345",50.86354716
"2346",28.88381703
"2347",51.52656955
"2348",59.0740653
"2349",8.431077782
"2350",22.07470925
"2351",34.74690376
"2352",0
"2353",11.13292009
"2354",15.0324858
"2355",14.02259716
"2356",3.02090007
"2357",9.070205476
"2358",6.999679881
"2359",14.86219247
"2360",19.33424545
"2361",12.44362591
"2362",12.438351
"2363",18.58444117
"2364",17.39978172
"2365",17.22825534
"2366",8.798104801
"2367",11.59336493
"2368",0
"2369",2.550915003
"2370",9.795326165
"2371",19.55154349
"2372",0
"2373",0.602239969
"2374",2.613234135
"2375",0
"2376",3.339136515
"2377",3.546985039
"2378",10.00194934
"2379",18.5257144
"2380",21.49059564
"2381",1.445871909
"2382",0.929191796
"2383",3.66151941
"2384",0
"2385",10.78337463
"2386",27.09846988
"2387",23.3532112
"2388",0
"2389",5.298016227
"2390",10.26938874
"2391",1.52899949
"2392",19.26994536
"2393",30.9794262
"2394",18.83260332
"2395",28.69582004
"2396",28.02951353
"2397",4.247160433
"2398",18.76658525
"2399",26.7561311
"2400",0
"2401",0.522267307
"2402",0
"2403",0
"2404",0
"2405",0
"2406",0
"2407",0
"2408",0
"2409",0
"2410",0
"2411",0
"2412",0
"2413",0
"2414",0
"2415",0
"2416",0
"2417",0.757519124
"2418",0.546791384
"2419",0.70766924
"2420",0
"2421",0
"2422",1.933202382
"2423",0
"2424",1.204026973
"2425",0.602410789
"2426",0
"2427",1.437346554
"2428",1.530768374
"2429",0
"2430",0
"2431",0.027450906
"2432",0
"2433",16.82018282
"2434",21.42393699
"2435",19.15166059
"2436",0.423167396
"2437",4.73013199
"2438",9.35930625
"2439",3.525705852
"2440",17.85871647
"2441",21.48672588
"2442",7.156167613
"2443",11.85200713
"2444",13.49999802
"2445",4.333466821
"2446",12.51722888
"2447",18.54827099
"2448",0
"2449",16.76617673
"2450",27.47304315
"2451",35.89724622
"2452",0.850358426
"2453",9.607508599
"2454",11.82938133
"2455",8.822068949
"2456",25.87549138
"2457",34.29689514
"2458",17.200701
"2459",24.04057337
"2460",23.94536549
"2461",15.22072074
"2462",20.45508721
"2463",28.5480245
"2464",0
"2465",13.87079949
"2466",22.22290277
"2467",26.64038865
"2468",0
"2469",1.629425083
"2470",2.128691227
"2471",2.570236026
"2472",8.384736601
"2473",11.20904607
"2474",6.819997972
"2475",13.1450619
"2476",12.68763797
"2477",3.235819119
"2478",5.972926182
"2479",8.041639597
"2480",0
"2481",18.97711675
"2482",28.60232004
"2483",40.27113975
"2484",0
"2485",1.79441071
"2486",2.066222749
"2487",5.163801227
"2488",11.8907701
"2489",29.83775681
"2490",16.58042552
"2491",26.94242513
"2492",27.31009438
"2493",5.543745956
"2494",10.25341715
"2495",14.86685885
"2496",0
"2497",0
"2498",0
"2499",0
"2500",0
"2501",0.801086523
"2502",2.97427716
"2503",0
"2504",1.599458738
"2505",2.601590615
"2506",3.510094374
"2507",8.008432112
"2508",9.011992674
"2509",0
"2510",0
"2511",1.171055965
"2512",0
"2513",24.21309665
"2514",35.9238924
"2515",35.32665147
"2516",0.553507484
"2517",36.52871122
"2518",40.65115531
"2519",2.408749938
"2520",56.8433722
"2521",58.99233401
"2522",60.26102193
"2523",60.25206697
"2524",63.42879895
"2525",25.82773903
"2526",60.28357539
"2527",61.92858478
"2528",0
"2529",28.1327933
"2530",40.09723237
"2531",48.69500261
"2532",0.723968187
"2533",51.38895599
"2534",56.62080434
"2535",2.853941347
"2536",73.31932313
"2537",74.44046437
"2538",81.53694628
"2539",85.40177854
"2540",88.51390693
"2541",31.87466664
"2542",85.8122803
"2543",83.31333267
"2544",0
"2545",13.02655322
"2546",16.09836574
"2547",15.87410565
"2548",1.879419954
"2549",14.85699263
"2550",19.37897224
"2551",4.57865157
"2552",22.0084522
"2553",22.22340072
"2554",21.68221926
"2555",35.06478929
"2556",30.72459608
"2557",10.88472418
"2558",21.37540077
"2559",23.67114189
"2560",0
"2561",0.747411772
"2562",9.794715203
"2563",23.9717282
"2564",0
"2565",6.683677134
"2566",25.46788478
"2567",0
"2568",14.43583555
"2569",41.96736477
"2570",12.36409536
"2571",33.74087377
"2572",44.53583158
"2573",0
"2574",30.43973822
"2575",39.10680932
"2576",0
"2577",22.894141
"2578",27.11496768
"2579",41.66866973
"2580",2.863405084
"2581",21.62255716
"2582",35.07362546
"2583",13.56968075
"2584",44.1778543
"2585",61.5016932
"2586",48.36115435
"2587",61.11611165
"2588",70.86807008
"2589",39.35843617
"2590",54.8424453
"2591",60.06619639
"2592",0
"2593",1.009269411
"2594",5.034974824
"2595",4.765281768
"2596",0.359225753
"2597",4.621114909
"2598",3.876829723
"2599",0.400015161
"2600",5.425616594
"2601",8.36792795
"2602",3.451949517
"2603",4.84059533
"2604",10.03634536
"2605",1.309393322
"2606",2.689766175
"2607",4.416019864
"2608",0
"2609",0
"2610",1.785587557
"2611",3.141934656
"2612",0
"2613",0.74784749
"2614",2.732925094
"2615",0.518126221
"2616",2.39251025
"2617",6.363967977
"2618",1.986478634
"2619",6.315944702
"2620",8.140819585
"2621",0
"2622",2.39840777
"2623",3.973986769
"2624",0
"2625",21.36830036
"2626",21.54675104
"2627",23.06691402
"2628",2.720923971
"2629",15.47495789
"2630",19.40320705
"2631",14.32160153
"2632",28.13311375
"2633",30.76250124
"2634",40.21576406
"2635",46.05681806
"2636",51.15306518
"2637",30.05876834
"2638",30.11566658
"2639",33.8132368
"2640",0
"2641",20.05913492
"2642",34.2208852
"2643",40.30244069
"2644",1.194006928
"2645",27.35092133
"2646",26.91242644
"2647",5.628261366
"2648",51.85571731
"2649",49.62220517
"2650",53.94447324
"2651",65.48767084
"2652",66.1445595
"2653",38.1181996
"2654",64.2716813
"2655",65.73471929
"2656",0
"2657",18.75584418
"2658",28.59018557
"2659",31.83731475
"2660",0.707045517
"2661",13.25145725
"2662",15.92909866
"2663",4.064443696
"2664",32.63137063
"2665",32.03830806
"2666",38.03832948
"2667",50.50908656
"2668",46.64490818
"2669",27.15209242
"2670",46.97084661
"2671",47.28268345
"2672",0
"2673",29.17558441
"2674",36.5598853
"2675",49.46796695
"2676",1.858400826
"2677",31.25713511
"2678",34.0355551
"2679",11.31698923
"2680",62.64758393
"2681",60.28741502
"2682",77.39811795
"2683",83.68183531
"2684",84.53852223
"2685",49.15752148
"2686",76.23035085
"2687",75.20935081
"2688",0
"2689",0
"2690",0
"2691",10.5253011
"2692",0
"2693",0
"2694",2.458138496
"2695",9.08121194
"2696",9.636653904
"2697",10.37235966
"2698",1.660025621
"2699",2.145304957
"2700",27.04583578
"2701",0
"2702",0
"2703",0
"2704",0
"2705",15.09367159
"2706",34.51239146
"2707",35.6149447
"2708",0.438548426
"2709",31.2588772
"2710",34.24307349
"2711",6.866213056
"2712",62.44858365
"2713",65.94190973
"2714",58.32558385
"2715",60.47798465
"2716",63.18914382
"2717",18.36789148
"2718",59.7949718
"2719",64.64035682
"2720",0
"2721",17.38451108
"2722",38.46400948
"2723",51.11682644
"2724",0.578158424
"2725",45.97256872
"2726",47.70226953
"2727",7.228003443
"2728",79.8902752
"2729",80.5818059
"2730",84.9300227
"2731",89.419451
"2732",89.55924552
"2733",13.66378067
"2734",86.89971677
"2735",87.237545
"2736",0
"2737",11.30133212
"2738",10.82736056
"2739",12.11048821
"2740",1.03540736
"2741",15.16491224
"2742",19.46778248
"2743",8.038113026
"2744",23.73944169
"2745",30.46158728
"2746",24.62070452
"2747",28.5763008
"2748",36.14968182
"2749",13.71916528
"2750",13.98206369
"2751",18.13660134
"2752",0
"2753",0.927604534
"2754",7.316239252
"2755",21.43045359
"2756",0
"2757",3.292807267
"2758",23.04423411
"2759",0
"2760",7.479579469
"2761",39.99701682
"2762",9.836570629
"2763",16.26033077
"2764",36.05690183
"2765",0
"2766",15.39357697
"2767",27.6789971
"2768",0
"2769",20.24596352
"2770",29.08430143
"2771",38.79638342
"2772",0.851812248
"2773",26.7810647
"2774",29.42310745
"2775",7.689322987
"2776",45.3883139
"2777",59.85587044
"2778",49.94868445
"2779",50.70720641
"2780",77.95754061
"2781",15.1222891
"2782",45.50180654
"2783",48.17982197
"2784",0
"2785",1.232632372
"2786",5.992320527
"2787",4.022257677
"2788",0
"2789",3.26158183
"2790",6.286120839
"2791",9.606838288
"2792",13.59760256
"2793",10.04227922
"2794",4.444109893
"2795",2.413308832
"2796",12.05269157
"2797",0
"2798",6.360003901
"2799",6.499222361
"2800",0
"2801",0.701552228
"2802",2.069098233
"2803",3.566410027
"2804",0
"2805",0.64714493
"2806",2.042704931
"2807",0.855112472
"2808",2.370474153
"2809",6.026719466
"2810",0
"2811",1.592422994
"2812",2.633148758
"2813",0
"2814",1.73070141
"2815",2.661542727
"2816",0
"2817",20.0833829
"2818",22.43503561
"2819",22.47082227
"2820",0.788355769
"2821",15.37805239
"2822",15.73387398
"2823",13.65409275
"2824",30.87951231
"2825",33.69627508
"2826",40.01187418
"2827",40.89777506
"2828",44.9389876
"2829",28.90716664
"2830",32.16902238
"2831",33.39106531
"2832",0
"2833",16.27214516
"2834",30.61272696
"2835",42.70251629
"2836",0.593797719
"2837",23.1010236
"2838",29.85245303
"2839",9.228754169
"2840",54.9141799
"2841",59.29246641
"2842",56.49708288
"2843",63.56506276
"2844",68.44214129
"2845",36.10795647
"2846",70.74157393
"2847",73.24639173
"2848",0
"2849",16.10027076
"2850",29.89972719
"2851",33.0062022
"2852",0
"2853",11.92095297
"2854",18.20662132
"2855",9.58087319
"2856",38.52322666
"2857",44.01604328
"2858",36.66758858
"2859",43.48269562
"2860",47.63381676
"2861",24.80297238
"2862",53.55291415
"2863",58.6831586
"2864",0
"2865",22.90680768
"2866",36.5499256
"2867",49.30223849
"2868",0.710304987
"2869",29.57593303
"2870",35.50826326
"2871",13.45243807
"2872",65.066599
"2873",69.13479769
"2874",80.10225068
"2875",85.13318487
"2876",89.5987779
"2877",40.91094026
"2878",80.00019125
"2879",83.40919805
"2880",0
"2881",0
"2882",0
"2883",12.15190247
"2884",0
"2885",0
"2886",7.843927615
"2887",0
"2888",1.023181291
"2889",14.17510686
"2890",0
"2891",0
"2892",17.5357483
"2893",0
"2894",0
"2895",16.7720232
"2896",0
"2897",12.19056007
"2898",34.43934364
"2899",36.629676
"2900",0.406585723
"2901",33.21564888
"2902",37.49278178
"2903",1.161532817
"2904",50.13324447
"2905",58.15311301
"2906",43.94688122
"2907",46.59177534
"2908",51.25885662
"2909",14.93339955
"2910",55.59012858
"2911",55.78951841
"2912",0
"2913",14.51047679
"2914",38.37909694
"2915",52.49415636
"2916",0.786255311
"2917",47.61178197
"2918",50.83768511
"2919",1.226267555
"2920",75.29152855
"2921",79.19714754
"2922",83.03295526
"2923",93.56409267
"2924",96.13228316
"2925",11.53765302
"2926",89.97416157
"2927",86.79260178
"2928",0
"2929",7.257395781
"2930",9.576264128
"2931",10.75553549
"2932",0.613157833
"2933",10.63604029
"2934",14.35852859
"2935",1.582170389
"2936",13.89350209
"2937",23.26106265
"2938",15.64688259
"2939",16.4099085
"2940",23.02454867
"2941",7.488530825
"2942",12.60415393
"2943",14.36942688
"2944",0
"2945",0
"2946",3.835722246
"2947",13.98397961
"2948",0
"2949",1.520182439
"2950",16.00671459
"2951",0
"2952",3.744544243
"2953",27.85496925
"2954",3.964447459
"2955",6.168096918
"2956",14.42398425
"2957",0
"2958",7.466671245
"2959",17.36013023
"2960",0
"2961",5.889073661
"2962",27.06341711
"2963",34.65614692
"2964",0
"2965",24.41645938
"2966",25.12838943
"2967",0.954745242
"2968",43.35191306
"2969",51.5902696
"2970",48.18783868
"2971",49.14544471
"2972",63.351286
"2973",3.647451971
"2974",43.17813797
"2975",47.34357171
"2976",0
"2977",0.698318685
"2978",2.97486192
"2979",3.10979023
"2980",0
"2981",0.489044772
"2982",4.88514688
"2983",0
"2984",1.305562617
"2985",6.931862367
"2986",0
"2987",0
"2988",6.151237345
"2989",0
"2990",2.42482932
"2991",7.121202503
"2992",0
"2993",0
"2994",1.12036933
"2995",1.896181594
"2996",0
"2997",0
"2998",0.974444275
"2999",0
"3000",0.9560868
"3001",2.600006823
"3002",0
"3003",0
"3004",0
"3005",0
"3006",0
"3007",1.40959558
"3008",0
"3009",17.87933698
"3010",24.40165539
"3011",24.45376754
"3012",1.682541771
"3013",18.44134196
"3014",18.87491239
"3015",6.949971836
"3016",30.37188127
"3017",33.47151562
"3018",34.48220577
"3019",35.36016156
"3020",35.68280094
"3021",18.37316337
"3022",27.82910373
"3023",37.08543096
"3024",0
"3025",8.62455294
"3026",14.26125924
"3027",28.49871025
"3028",0.538585368
"3029",13.34881918
"3030",28.28230111
"3031",1.999177844
"3032",27.16016891
"3033",50.52138402
"3034",20.00288675
"3035",25.99050807
"3036",40.32898976
"3037",13.34689497
"3038",40.63647217
"3039",74.04736649
"3040",0
"3041",5.195732957
"3042",19.31180946
"3043",30.77223842
"3044",0
"3045",11.75749506
"3046",23.34747951
"3047",1.039903259
"3048",28.39783953
"3049",39.89470015
"3050",13.79100096
"3051",19.53099508
"3052",26.8708629
"3053",9.3964628
"3054",40.58293806
"3055",52.66349061
"3056",0
"3057",15.85078385
"3058",32.88980878
"3059",47.13760632
"3060",0.707254592
"3061",32.71728338
"3062",41.68551837
"3063",1.753987647
"3064",54.56471519
"3065",68.58213231
"3066",60.52865164
"3067",67.75052852
"3068",80.80959568
"3069",6.777260235
"3070",48.77228165
"3071",74.51133845
"3072",0
"3073",24.10905766
"3074",32.87780619
"3075",43.39942952
"3076",1.221284135
"3077",25.1779767
"3078",32.37253744
"3079",7.676008537
"3080",60.41732712
"3081",64.50667156
"3082",36.55522639
"3083",46.64960106
"3084",47.85301388
"3085",21.44960942
"3086",27.71714775
"3087",52.2237426
"3088",0
"3089",15.42545497
"3090",30.08596307
"3091",35.8368136
"3092",0
"3093",11.6535106
"3094",17.02843498
"3095",1.188847918
"3096",32.40012299
"3097",27.27757284
"3098",24.95662893
"3099",45.54864618
"3100",42.79858664
"3101",8.905135224
"3102",18.1199602
"3103",27.22195897
"3104",0
"3105",8.286467695
"3106",22.46669781
"3107",37.70168941
"3108",0
"3109",8.034140762
"3110",20.18480169
"3111",0.662349524
"3112",21.77773542
"3113",53.28001638
"3114",23.90935743
"3115",47.15771685
"3116",62.53548833
"3117",4.577603745
"3118",21.19444726
"3119",42.00065126
"3120",0
"3121",18.40035471
"3122",16.25238798
"3123",42.71521565
"3124",0
"3125",39.12148383
"3126",47.59873076
"3127",3.597789888
"3128",69.98737297
"3129",70.05483344
"3130",20.97581455
"3131",23.18775097
"3132",22.00500964
"3133",18.04784884
"3134",23.57347354
"3135",81.35759178
"3136",0
"3137",14.75153907
"3138",31.62416369
"3139",37.39576088
"3140",0.448085745
"3141",13.27473408
"3142",17.72318391
"3143",3.418730848
"3144",25.1224442
"3145",30.07190595
"3146",22.54874195
"3147",36.80117668
"3148",42.20791273
"3149",8.748271213
"3150",19.13281286
"3151",27.47497093
"3152",0
"3153",9.361658454
"3154",22.12521071
"3155",38.83428513
"3156",0
"3157",9.540244592
"3158",21.41511712
"3159",2.217163117
"3160",25.83582864
"3161",53.84533811
"3162",25.36847762
"3163",50.91041247
"3164",62.69909879
"3165",5.005508734
"3166",24.92895829
"3167",43.08223061
"3168",0
"3169",26.47105008
"3170",15.00790512
"3171",40.67066673
"3172",10.03471889
"3173",44.50757189
"3174",50.81226991
"3175",13.26153778
"3176",66.43295508
"3177",69.21564786
"3178",16.47592229
"3179",19.59466142
"3180",19.12358264
"3181",37.0158274
"3182",10.02539168
"3183",41.01536377
"3184",0
"3185",17.88950545
"3186",30.84474943
"3187",42.94679968
"3188",39.22831543
"3189",47.13740479
"3190",49.46765787
"3191",6.262930072
"3192",24.92429214
"3193",29.29928272
"3194",26.0695387
"3195",40.32928262
"3196",46.57912629
"3197",10.87603871
"3198",19.12422917
"3199",30.41179661
"3200",0
"3201",12.69227905
"3202",24.01338043
"3203",38.95047983
"3204",38.99137319
"3205",45.82883908
"3206",50.09626002
"3207",5.967393026
"3208",28.83921229
"3209",55.76912496
"3210",27.19452945
"3211",55.41075316
"3212",64.88423444
"3213",7.65708472
"3214",24.91728565
"3215",43.47281583
"3216",0
"3217",6.618305452
"3218",19.22189421
"3219",38.88169758
"3220",0
"3221",8.123761297
"3222",9.226197008
"3223",0.340410651
"3224",32.95642094
"3225",47.36333704
"3226",24.01631717
"3227",30.07960625
"3228",29.79340439
"3229",3.169099331
"3230",18.20970217
"3231",28.27747642
"3232",0
"3233",9.330486935
"3234",24.08891574
"3235",26.99117029
"3236",0
"3237",7.405890223
"3238",8.430071853
"3239",0.72962294
"3240",20.3250042
"3241",20.51920273
"3242",21.60400316
"3243",30.2871506
"3244",38.85520908
"3245",4.143900161
"3246",16.01570816
"3247",19.48013153
"3248",0
"3249",5.982836529
"3250",19.02499104
"3251",34.0336157
"3252",0
"3253",4.698019536
"3254",8.109204436
"3255",0.94272788
"3256",17.29489164
"3257",38.16631108
"3258",25.48313253
"3259",49.96376516
"3260",54.07334238
"3261",3.609434473
"3262",16.57162393
"3263",32.51941474
"3264",0
"3265",24.17024028
"3266",35.80552258
"3267",40.2947746
"3268",3.120933892
"3269",42.30149711
"3270",40.31193463
"3271",10.90397812
"3272",61.05645885
"3273",64.44051661
"3274",70.14701034
"3275",70.25926715
"3276",73.95050649
"3277",27.32089436
"3278",72.8784855
"3279",74.62339174
"3280",0
"3281",21.83853262
"3282",34.89766998
"3283",40.40712226
"3284",0.339942053
"3285",37.12675544
"3286",34.27058432
"3287",1.358946967
"3288",57.33300234
"3289",64.45105489
"3290",61.13755675
"3291",70.67829218
"3292",58.46064001
"3293",21.26152094
"3294",61.01774399
"3295",68.67316565
"3296",0
"3297",24.48223218
"3298",38.35488356
"3299",42.68462411
"3300",0.399824711
"3301",47.37471195
"3302",42.52654707
"3303",1.442502721
"3304",67.97015702
"3305",67.99152053
"3306",83.17489955
"3307",81.27460019
"3308",84.68245385
"3309",23.79770547
"3310",79.51166554
"3311",79.64252926
"3312",0
"3313",31.73318055
"3314",33.92093167
"3315",38.41251828
"3316",1.277604509
"3317",46.04956103
"3318",43.335395
"3319",9.850315112
"3320",63.8388463
"3321",64.60187181
"3322",54.53336611
"3323",55.70352222
"3324",57.7580975
"3325",51.9557832
"3326",71.32414041
"3327",78.36249844
"3328",0
"3329",31.26129694
"3330",38.72175402
"3331",36.57290373
"3332",0.719285108
"3333",36.22635154
"3334",33.94655387
"3335",3.373624056
"3336",54.46826622
"3337",62.7905956
"3338",66.11270607
"3339",66.35401825
"3340",65.50261834
"3341",33.03335054
"3342",65.91039362
"3343",67.31022474
"3344",0
"3345",33.9312366
"3346",40.60161129
"3347",42.25144884
"3348",1.152603634
"3349",46.21141257
"3350",44.40779423
"3351",3.864236463
"3352",69.25619095
"3353",68.71737558
"3354",82.51131881
"3355",84.42429873
"3356",83.82528245
"3357",33.61928283
"3358",76.73725946
"3359",78.2529931
"3360",0
"3361",33.44709826
"3362",36.56526068
"3363",39.55792883
"3364",8.38964842
"3365",65.92742304
"3366",63.53284655
"3367",9.771808987
"3368",64.80559966
"3369",63.41514905
"3370",62.46560879
"3371",64.57811697
"3372",63.222267
"3373",65.3367146
"3374",72.70586315
"3375",76.79526891
"3376",0
"3377",33.27025402
"3378",39.35320613
"3379",39.02512557
"3380",41.03794598
"3381",57.95486785
"3382",52.14546944
"3383",5.06261629
"3384",57.19204969
"3385",59.81582481
"3386",62.39976577
"3387",66.50686069
"3388",62.22086343
"3389",37.522573
"3390",60.65973957
"3391",65.9488999
"3392",0
"3393",37.07516302
"3394",39.89366621
"3395",41.55598689
"3396",42.0580413
"3397",66.26538653
"3398",56.80622374
"3399",5.460903942
"3400",69.07936453
"3401",67.52036403
"3402",84.81458604
"3403",83.82537223
"3404",85.99469652
"3405",45.19876304
"3406",78.63353277
"3407",81.63071985
"3408",0
"3409",17.50108516
"3410",38.94339394
"3411",40.11142329
"3412",0
"3413",42.74477554
"3414",44.8781348
"3415",0.649110542
"3416",65.57301901
"3417",66.67600965
"3418",70.24905586
"3419",69.97972982
"3420",75.73582011
"3421",8.776630533
"3422",74.07785582
"3423",75.28558302
"3424",0
"3425",12.26279814
"3426",37.31441052
"3427",36.58867026
"3428",0
"3429",38.66523027
"3430",31.57364304
"3431",0.638545637
"3432",57.71086681
"3433",59.93143231
"3434",61.82340519
"3435",71.09717455
"3436",59.66718586
"3437",6.768064781
"3438",63.07769687
"3439",68.10761052
"3440",0
"3441",12.21708819
"3442",40.36775448
"3443",42.68363634
"3444",0
"3445",47.71503964
"3446",44.37252425
"3447",0.609947969
"3448",70.19925962
"3449",65.42133393
"3450",84.64975432
"3451",83.38501147
"3452",86.49714531
"3453",0
"3454",78.00288409
"3455",79.34654649
"3456",0
"3457",7.147036958
"3458",28.25277351
"3459",34.79607292
"3460",0.471327258
"3461",38.40946204
"3462",42.82874785
"3463",6.975926865
"3464",54.39040243
"3465",68.43167679
"3466",70.51359377
"3467",72.16100406
"3468",78.28452045
"3469",6.877576478
"3470",47.63735715
"3471",52.16406686
"3472",0
"3473",3.849200649
"3474",35.33279168
"3475",37.62624076
"3476",0
"3477",25.94389985
"3478",42.12607272
"3479",3.554195282
"3480",50.4472159
"3481",62.03548199
"3482",55.58164705
"3483",56.60877307
"3484",69.52780108
"3485",2.790822418
"3486",55.60412419
"3487",65.50667277
"3488",0
"3489",3.638207936
"3490",35.20060583
"3491",40.48594286
"3492",0
"3493",31.9378098
"3494",49.97942971
"3495",4.04132523
"3496",55.23935567
"3497",71.83207772
"3498",71.00136701
"3499",80.78104004
"3500",91.13914928
"3501",2.354282195
"3502",72.70181754
"3503",81.99763098
"3504",0
"3505",1.222906926
"3506",24.60563466
"3507",33.55651029
"3508",0
"3509",46.67086698
"3510",49.72808893
"3511",7.810317963
"3512",64.56169067
"3513",69.13688603
"3514",80.28534176
"3515",77.62777181
"3516",82.33244396
"3517",0
"3518",35.33291059
"3519",55.96628365
"3520",0
"3521",13.70204119
"3522",37.08529427
"3523",36.0162633
"3524",0
"3525",34.74723042
"3526",40.08752213
"3527",4.7108856
"3528",59.00727735
"3529",60.61766338
"3530",56.33395035
"3531",60.94658978
"3532",63.37225968
"3533",8.39178019
"3534",56.79309437
"3535",61.57150807
"3536",0
"3537",11.32681683
"3538",38.5374711
"3539",41.728023
"3540",0
"3541",46.19860459
"3542",49.53018855
"3543",4.961974313
"3544",70.7141131
"3545",71.82751675
"3546",86.6996801
"3547",84.33974431
"3548",89.12987666
"3549",6.458217991
"3550",76.47373216
"3551",83.59935968
"3552",0
"3553",14.29478531
"3554",28.32846401
"3555",36.31466019
"3556",7.206982067
"3557",57.87284649
"3558",60.98476598
"3559",9.444894792
"3560",65.10791868
"3561",72.37220718
"3562",78.76794462
"3563",77.82985513
"3564",79.30639259
"3565",6.010382761
"3566",37.26514805
"3567",54.37431586
"3568",0
"3569",27.94500953
"3570",36.81475234
"3571",36.76661903
"3572",39.97323526
"3573",57.13220837
"3574",60.30536067
"3575",7.74850436
"3576",57.9781308
"3577",66.51493362
"3578",58.92871095
"3579",59.21092574
"3580",60.412252
"3581",32.73462184
"3582",59.47851607
"3583",64.00575958
"3584",0
"3585",29.60669897
"3586",38.03109863
"3587",41.71330917
"3588",41.98383636
"3589",67.81431274
"3590",65.94429183
"3591",12.64243358
"3592",74.21032846
"3593",75.06056887
"3594",90.99050642
"3595",84.34096533
"3596",88.72522624
"3597",36.05104123
"3598",77.2841534
"3599",85.60572483
"3600",0
"3601",1.637827855
"3602",27.00233561
"3603",31.38632484
"3604",0
"3605",38.20230031
"3606",39.32745332
"3607",4.950264204
"3608",63.52683766
"3609",64.23525691
"3610",75.99606764
"3611",73.60085469
"3612",77.54678733
"3613",0.970209889
"3614",45.30338681
"3615",49.87050942
"3616",0
"3617",5.265059572
"3618",36.39098731
"3619",36.44138063
"3620",0
"3621",35.28694368
"3622",42.09555031
"3623",3.678633066
"3624",50.63065751
"3625",61.65083258
"3626",52.72286451
"3627",62.07451283
"3628",61.80067802
"3629",3.035900596
"3630",58.2347243
"3631",66.48281999
"3632",0
"3633",4.477162725
"3634",37.34827699
"3635",41.73289196
"3636",0
"3637",37.72387007
"3638",49.04564688
"3639",4.390150349
"3640",57.96795904
"3641",73.57415684
"3642",74.69880742
"3643",87.52908706
"3644",89.61417594
"3645",2.405254053
"3646",77.09161451
"3647",83.01646677
"3648",0
"3649",6.891124522
"3650",24.99527669
"3651",37.54624547
"3652",0.706381042
"3653",42.52691913
"3654",47.95299992
"3655",2.294941324
"3656",62.78571552
"3657",69.97034068
"3658",74.06067797
"3659",77.51023369
"3660",80.90631241
"3661",8.332944957
"3662",47.89881593
"3663",61.03423565
"3664",0
"3665",3.42165598
"3666",26.24845362
"3667",39.43512545
"3668",0
"3669",23.50114845
"3670",39.99682926
"3671",0.695599064
"3672",39.03126202
"3673",61.69857953
"3674",27.69709095
"3675",36.62142901
"3676",45.52130306
"3677",2.782548169
"3678",53.27735781
"3679",64.8702395
"3680",0
"3681",3.382805594
"3682",31.53029931
"3683",45.77926691
"3684",0
"3685",32.33228249
"3686",49.75811265
"3687",0.665471445
"3688",50.28049867
"3689",75.02467082
"3690",52.59936901
"3691",74.31911492
"3692",92.11972779
"3693",2.135901423
"3694",64.185973
"3695",85.22067267
"3696",0
"3697",0.552049908
"3698",15.46929664
"3699",29.68665622
"3700",0
"3701",42.07740888
"3702",50.20384511
"3703",0
"3704",63.12102891
"3705",67.79255716
"3706",74.22961906
"3707",75.06901133
"3708",83.08232968
"3709",0
"3710",22.62644976
"3711",62.72600186
"3712",0
"3713",8.178111662
"3714",33.60174029
"3715",39.12761896
"3716",0
"3717",32.36655355
"3718",40.59375347
"3719",0.817066768
"3720",50.58160419
"3721",63.72449893
"3722",33.94683682
"3723",41.28086675
"3724",47.58772845
"3725",5.956665819
"3726",57.2826498
"3727",64.80074025
"3728",0
"3729",7.126598878
"3730",37.93567028
"3731",45.20399384
"3732",0
"3733",41.28466002
"3734",49.61017751
"3735",0.789038452
"3736",63.68559531
"3737",73.08177999
"3738",72.98033012
"3739",82.64502167
"3740",90.64441503
"3741",4.936303419
"3742",73.81395251
"3743",82.20776042
"3744",0
"3745",4.618730656
"3746",15.74680272
"3747",30.87761179
"3748",6.970567232
"3749",65.46891846
"3750",66.01585424
"3751",2.350274713
"3752",70.85918563
"3753",68.53030279
"3754",76.3099624
"3755",75.95426954
"3756",82.34937004
"3757",4.974394565
"3758",25.79072036
"3759",62.08187356
"3760",0
"3761",19.16223306
"3762",35.94447354
"3763",37.90012178
"3764",41.26452613
"3765",59.06928985
"3766",59.60099255
"3767",2.42184546
"3768",58.63301817
"3769",63.99950596
"3770",34.05189508
"3771",41.4297554
"3772",47.77426479
"3773",20.34813867
"3774",60.49224443
"3775",63.88080478
"3776",0
"3777",21.60119174
"3778",38.59563351
"3779",44.68109157
"3780",44.14137034
"3781",66.81498604
"3782",68.2481271
"3783",2.579355469
"3784",74.1058241
"3785",72.8478499
"3786",89.07661609
"3787",85.65923047
"3788",94.15173815
"3789",24.93961347
"3790",80.0652435
"3791",86.19820374
"3792",0
"3793",1.252505333
"3794",16.04849725
"3795",30.7124479
"3796",0
"3797",0
"3798",43.09475613
"3799",0
"3800",47.34816594
"3801",64.24887053
"3802",57.59970402
"3803",64.01092118
"3804",72.26820117
"3805",0.868429678
"3806",42.09636278
"3807",50.25936964
"3808",0
"3809",2.443106533
"3810",28.78693437
"3811",34.85762141
"3812",0
"3813",20.89901676
"3814",36.0742325
"3815",0.489724505
"3816",37.99056967
"3817",56.47944581
"3818",26.8260429
"3819",36.10071383
"3820",46.52870973
"3821",1.470956156
"3822",0
"3823",57.24624739
"3824",0
"3825",2.103607287
"3826",29.62604669
"3827",40.21154517
"3828",0
"3829",23.916357
"3830",44.44845486
"3831",0.490842961
"3832",39.51845686
"3833",69.71995068
"3834",47.18415816
"3835",65.99016493
"3836",87.94083651
"3837",1.573799128
"3838",61.50487524
"3839",83.95560608
"3840",0
"3841",13.9614152
"3842",15.08609068
"3843",15.9216391
"3844",2.548391087
"3845",8.641168314
"3846",6.654637209
"3847",7.713999512
"3848",14.7618925
"3849",16.70711364
"3850",12.25099464
"3851",16.43551115
"3852",17.06361217
"3853",12.13886151
"3854",10.08173564
"3855",12.79205877
"3856",0
"3857",11.31960299
"3858",22.30541273
"3859",25.45694196
"3860",0
"3861",2.840028013
"3862",4.296191189
"3863",1.896990139
"3864",9.250516466
"3865",13.02243467
"3866",15.10135263
"3867",24.44251918
"3868",26.61192771
"3869",2.419663487
"3870",6.251282484
"3871",12.75397423
"3872",0
"3873",13.18136791
"3874",22.67787637
"3875",24.0555231
"3876",0
"3877",2.373234972
"3878",5.371995824
"3879",2.067024275
"3880",9.241578451
"3881",20.36311527
"3882",14.60964787
"3883",28.7617291
"3884",23.20886991
"3885",3.338911929
"3886",11.07544016
"3887",16.38360507
"3888",0
"3889",8.599290828
"3890",8.073391293
"3891",8.373801377
"3892",2.086409943
"3893",3.898269895
"3894",2.819747326
"3895",9.734031055
"3896",14.02250347
"3897",13.30215474
"3898",11.84842444
"3899",12.48722349
"3900",13.26217146
"3901",7.007309831
"3902",3.803167764
"3903",9.3396983
"3904",0
"3905",2.828738971
"3906",11.73173458
"3907",32.01377764
"3908",0
"3909",0.597123544
"3910",1.624624313
"3911",1.378417368
"3912",5.748911263
"3913",15.88279637
"3914",15.03293541
"3915",36.25474039
"3916",40.83653695
"3917",0
"3918",3.383758574
"3919",9.091321628
"3920",0
"3921",1.249008464
"3922",7.593500734
"3923",23.19251783
"3924",0
"3925",0
"3926",0
"3927",0
"3928",3.304153664
"3929",4.972241085
"3930",11.6539798
"3931",23.14100825
"3932",30.73323241
"3933",0
"3934",0
"3935",0
"3936",0
"3937",25.79234273
"3938",21.1852936
"3939",41.0055284
"3940",1.426630798
"3941",41.22664286
"3942",47.37967992
"3943",11.25218088
"3944",66.85183325
"3945",67.69619533
"3946",18.57739993
"3947",22.20180478
"3948",22.35512226
"3949",38.7528241
"3950",24.97274403
"3951",75.11548375
"3952",0
"3953",19.41980511
"3954",32.07542073
"3955",34.52065187
"3956",2.069142775
"3957",14.42253285
"3958",22.92734992
"3959",5.821778044
"3960",33.78601477
"3961",37.39742705
"3962",26.66040937
"3963",44.30153891
"3964",44.76424476
"3965",12.63535619
"3966",32.89151252
"3967",41.00150742
"3968",0
"3969",19.39344332
"3970",31.15934188
"3971",38.74519603
"3972",1.798923194
"3973",9.508784567
"3974",17.33987768
"3975",5.235495595
"3976",28.74353219
"3977",53.88645108
"3978",27.32636453
"3979",52.36462009
"3980",62.64059826
"3981",7.71156711
"3982",25.62052054
"3983",43.30658798
"3984",0
"3985",6.70191803
"3986",15.721696
"3987",32.03839032
"3988",0
"3989",5.529906697
"3990",6.840870887
"3991",0.566845941
"3992",22.16483544
"3993",31.41749034
"3994",22.29411196
"3995",31.22952549
"3996",31.17670784
"3997",3.037744154
"3998",13.63572226
"3999",21.33105034
"4000",0
"4001",10.4860128
"4002",26.29886063
"4003",23.69345333
"4004",0
"4005",6.730455291
"4006",13.41857273
"4007",1.036456102
"4008",22.99620882
"4009",37.021541
"4010",22.69659515
"4011",37.46429839
"4012",39.38981845
"4013",4.58213428
"4014",22.70660834
"4015",33.31806917
"4016",0
"4017",7.343376414
"4018",26.03173318
"4019",36.25454831
"4020",0
"4021",4.191040534
"4022",6.114675165
"4023",0.884950948
"4024",16.69067663
"4025",31.26628393
"4026",24.66006055
"4027",45.98390905
"4028",52.56128921
"4029",3.35256921
"4030",15.35819367
"4031",29.91552733
"4032",0
"4033",13.16893511
"4034",16.79477369
"4035",16.24533971
"4036",2.118660091
"4037",15.85894672
"4038",15.94900479
"4039",7.108204477
"4040",24.76005147
"4041",28.11243479
"4042",27.24876847
"4043",31.76624566
"4044",37.29673945
"4045",16.87891597
"4046",22.41656552
"4047",23.46293461
"4048",0
"4049",9.295516532
"4050",35.04870846
"4051",35.39709887
"4052",0
"4053",34.88973455
"4054",35.68810141
"4055",1.257407502
"4056",55.96431027
"4057",59.93053961
"4058",56.99401844
"4059",63.00725217
"4060",59.18255708
"4061",7.66652575
"4062",54.77135423
"4063",62.18465229
"4064",0
"4065",17.84178388
"4066",40.13524468
"4067",46.24961136
"4068",2.890686767
"4069",45.52184766
"4070",47.90925553
"4071",11.25502625
"4072",71.70514407
"4073",72.13959481
"4074",79.78226496
"4075",79.62575679
"4076",82.21280375
"4077",33.50615076
"4078",78.67116412
"4079",79.16863895
"4080",0
"4081",10.16290719
"4082",10.72653134
"4083",11.56918225
"4084",1.924092177
"4085",9.627089409
"4086",11.09901507
"4087",6.581266653
"4088",16.8324099
"4089",21.40006849
"4090",42.78380779
"4091",53.50463767
"4092",60.63710952
"4093",13.25100229
"4094",18.48421566
"4095",20.6070389
"4096",0
"4097",1.71151259
"4098",7.321293774
"4099",34.91039433
"4100",0
"4101",5.935933533
"4102",58.0174464
"4103",1.781909967
"4104",22.74107385
"4105",57.01120739
"4106",33.66124955
"4107",51.21151631
"4108",60.13886073
"4109",2.249906301
"4110",41.72955132
"4111",60.45904469
"4112",0
"4113",16.47949658
"4114",27.36893381
"4115",39.35756061
"4116",0.712699399
"4117",8.970204017
"4118",44.46296659
"4119",4.28271464
"4120",39.55034963
"4121",63.92666602
"4122",79.04497323
"4123",78.70773698
"4124",84.10193793
"4125",12.67223423
"4126",55.95219042
"4127",80.67857489
"4128",0
"4129",30.59884697
"4130",33.91258635
"4131",36.80129147
"4132",2.495636052
"4133",47.27988184
"4134",44.44212826
"4135",12.51112995
"4136",66.1081674
"4137",63.53604944
"4138",53.37807808
"4139",62.99169098
"4140",63.44404456
"4141",52.55158103
"4142",68.74074216
"4143",77.66689194
"4144",0
"4145",34.08344524
"4146",38.11608188
"4147",39.909465
"4148",1.029883817
"4149",39.21368937
"4150",35.2237201
"4151",3.311093961
"4152",57.74229286
"4153",59.48668549
"4154",64.60204454
"4155",61.25906652
"4156",62.35242374
"4157",36.30128303
"4158",63.06191521
"4159",62.65745672
"4160",0
"4161",33.03637259
"4162",39.20587876
"4163",41.26140824
"4164",1.728296665
"4165",49.69104828
"4166",41.80838188
"4167",3.524318044
"4168",71.55294754
"4169",72.58292155
"4170",83.76441682
"4171",82.77010873
"4172",80.16290148
"4173",44.56568658
"4174",80.07437026
"4175",81.27546311
"4176",0
"4177",15.75654156
"4178",40.52594956
"4179",38.16592165
"4180",0.390715033
"4181",45.77689221
"4182",41.36745101
"4183",0.860295656
"4184",63.69608906
"4185",64.24487271
"4186",63.65319734
"4187",73.26731184
"4188",70.29330199
"4189",8.47025224
"4190",70.27327326
"4191",75.8997955
"4192",0
"4193",12.88972347
"4194",36.29421793
"4195",37.37794419
"4196",0.252253584
"4197",37.13655068
"4198",32.8144383
"4199",0.83326199
"4200",55.17541483
"4201",57.50576347
"4202",66.07394644
"4203",64.68492451
"4204",60.93427362
"4205",6.684386034
"4206",63.13467167
"4207",65.07775968
"4208",0
"4209",11.91198349
"4210",39.35316158
"4211",43.82916168
"4212",0.381599662
"4213",49.01650319
"4214",42.67624543
"4215",0.745430861
"4216",69.58481273
"4217",71.48272249
"4218",82.32171897
"4219",81.29892199
"4220",82.3438198
"4221",7.182520972
"4222",75.98553455
"4223",82.40046293
"4224",0
"4225",9.973367678
"4226",12.38761085
"4227",12.79513925
"4228",0.746156967
"4229",12.59161714
"4230",14.72607829
"4231",12.28165388
"4232",24.42477517
"4233",26.50151753
"4234",24.72320112
"4235",27.98543221
"4236",32.32915323
"4237",8.50474803
"4238",15.43456925
"4239",19.90695412
"4240",0
"4241",2.74121661
"4242",20.07939568
"4243",33.6420654
"4244",0.328567973
"4245",12.21281347
"4246",33.66516566
"4247",1.993041801
"4248",24.96800216
"4249",59.5664451
"4250",32.57727167
"4251",44.24461772
"4252",61.37532466
"4253",1.607816561
"4254",42.1300284
"4255",55.13286563
"4256",0
"4257",13.51164782
"4258",36.28377215
"4259",43.31119655
"4260",0.568210949
"4261",31.09780796
"4262",44.42036094
"4263",6.604799576
"4264",53.30648897
"4265",73.95398123
"4266",64.98015189
"4267",71.05445565
"4268",83.94468409
"4269",2.019729051
"4270",55.99062735
"4271",83.04189522
"4272",0
"4273",17.35437544
"4274",28.92940614
"4275",34.70800352
"4276",0.572188732
"4277",38.02062933
"4278",38.77000873
"4279",13.95905877
"4280",60.55316321
"4281",63.14360639
"4282",41.14460565
"4283",47.20893463
"4284",58.17261114
"4285",13.53376242
"4286",53.60304102
"4287",58.45828833
"4288",0
"4289",5.492602222
"4290",30.47937114
"4291",38.18576353
"4292",0
"4293",21.09483753
"4294",57.7087314
"4295",6.312401384
"4296",40.61436819
"4297",62.9440737
"4298",29.74076309
"4299",38.06656269
"4300",64.15465798
"4301",4.069080612
"4302",49.17268474
"4303",57.52960259
"4304",0
"4305",12.78962475
"4306",31.88542104
"4307",41.17290032
"4308",0
"4309",36.44526769
"4310",47.11829387
"4311",6.880494813
"4312",62.86856054
"4313",72.345187
"4314",72.24358198
"4315",73.49750543
"4316",86.32465757
"4317",2.394294255
"4318",47.68791361
"4319",81.55614964
"4320",0
"4321",11.04036087
"4322",24.23482722
"4323",31.2993075
"4324",0.337596865
"4325",46.64890669
"4326",45.17206702
"4327",9.993569506
"4328",68.91825786
"4329",69.27632316
"4330",78.77070783
"4331",76.11415284
"4332",81.78695125
"4333",3.724806832
"4334",17.80357266
"4335",61.99734129
"4336",0
"4337",27.20831726
"4338",38.14083048
"4339",36.4250561
"4340",1.088494579
"4341",37.85579692
"4342",41.07404232
"4343",8.955312407
"4344",59.10146589
"4345",65.48133698
"4346",62.79572595
"4347",65.86005497
"4348",64.68104609
"4349",25.61137798
"4350",56.47869884
"4351",60.5253289
"4352",0
"4353",28.57251929
"4354",38.20471013
"4355",41.63261266
"4356",1.226874544
"4357",47.15627467
"4358",49.15467449
"4359",9.293896224
"4360",74.97052076
"4361",75.97219172
"4362",85.53405964
"4363",80.79670421
"4364",85.64532689
"4365",21.70039266
"4366",76.95155975
"4367",80.7977409
"4368",0
"4369",2.008708666
"4370",25.56755062
"4371",32.35958784
"4372",0
"4373",41.6263458
"4374",41.53702825
"4375",5.761815995
"4376",63.22828466
"4377",66.89026205
"4378",72.60987428
"4379",78.22401013
"4380",70.14060434
"4381",0.810171959
"4382",48.96975625
"4383",50.40479784
"4384",0
"4385",6.090802245
"4386",38.90083473
"4387",37.47062049
"4388",0
"4389",35.15329281
"4390",41.08459601
"4391",4.12761042
"4392",56.83415199
"4393",65.44832937
"4394",58.01064055
"4395",63.16520406
"4396",66.65248144
"4397",2.68455705
"4398",58.35068095
"4399",61.04278074
"4400",0
"4401",6.03417912
"4402",38.15565558
"4403",45.15638688
"4404",0
"4405",36.98776703
"4406",44.33872807
"4407",4.225486824
"4408",59.21946541
"4409",74.59845802
"4410",78.02488381
"4411",80.73687357
"4412",88.24637541
"4413",1.957264533
"4414",65.74098646
"4415",83.83843021
"4416",0
"4417",10.47269891
"4418",12.16304801
"4419",10.78771766
"4420",1.152131483
"4421",14.89842021
"4422",16.26779165
"4423",4.656693452
"4424",21.20587604
"4425",27.6859428
"4426",21.50066765
"4427",25.90827653
"4428",28.29509241
"4429",14.7474972
"4430",17.65611496
"4431",19.96336659
"4432",0
"4433",2.505489323
"4434",15.19101144
"4435",34.1813834
"4436",0.467733508
"4437",14.98944103
"4438",40.85999304
"4439",0.648980669
"4440",24.05265274
"4441",60.8676331
"4442",20.28381752
"4443",30.24326754
"4444",53.5695113
"4445",1.726024029
"4446",36.92601799
"4447",56.57387493
"4448",0
"4449",7.949590254
"4450",30.30978378
"4451",47.10591975
"4452",0.256451547
"4453",26.95590806
"4454",49.01475041
"4455",0.727174946
"4456",34.67021781
"4457",73.39202626
"4458",29.55686861
"4459",41.06227561
"4460",86.42573792
"4461",0
"4462",27.34305282
"4463",76.73986616
"4464",0
"4465",15.5615648
"4466",24.35604753
"4467",28.85136629
"4468",0.979807222
"4469",29.01476311
"4470",33.20741805
"4471",4.08442672
"4472",46.70548466
"4473",49.28704587
"4474",31.37415917
"4475",37.12306374
"4476",42.69698784
"4477",16.74814495
"4478",52.20286143
"4479",56.41870071
"4480",0
"4481",3.434831672
"4482",26.32369704
"4483",36.14852387
"4484",0
"4485",16.7341519
"4486",49.985461
"4487",0.995077613
"4488",30.16614104
"4489",59.31991617
"4490",20.49711258
"4491",31.02334366
"4492",56.03747384
"4493",2.039001868
"4494",47.55321922
"4495",59.16216512
"4496",0
"4497",5.071740985
"4498",31.60555467
"4499",41.60266431
"4500",0
"4501",20.44948228
"4502",46.3015164
"4503",1.005881291
"4504",34.47263315
"4505",72.29221067
"4506",31.19527434
"4507",39.71442231
"4508",83.49602396
"4509",0
"4510",27.15696835
"4511",67.35182955
"4512",0
"4513",6.112603375
"4514",19.11941212
"4515",29.76126623
"4516",0
"4517",49.20462645
"4518",49.50904012
"4519",1.743650282
"4520",67.14890203
"4521",68.20094264
"4522",74.20453315
"4523",74.49984474
"4524",83.44233536
"4525",2.899493403
"4526",16.85617983
"4527",65.67896113
"4528",0
"4529",17.43734901
"4530",35.28597628
"4531",36.96535355
"4532",0.926720681
"4533",38.5633346
"4534",39.70763397
"4535",1.666950752
"4536",57.55922845
"4537",61.4373102
"4538",44.04139335
"4539",53.66497703
"4540",58.26903703
"4541",15.2876268
"4542",59.26239712
"4543",62.55956501
"4544",0
"4545",15.21649465
"4546",37.4061745
"4547",43.02832469
"4548",1.126878627
"4549",43.83894822
"4550",48.45171074
"4551",1.342248202
"4552",69.84952946
"4553",74.90352783
"4554",78.41262052
"4555",80.77035612
"4556",84.70172213
"4557",9.540861126
"4558",61.6695561
"4559",74.59231799
"4560",0
"4561",1.159391266
"4562",19.7798759
"4563",27.25583167
"4564",0
"4565",27.61595801
"4566",44.94211074
"4567",0
"4568",49.88008869
"4569",61.83593039
"4570",54.69797468
"4571",66.42814295
"4572",66.04767415
"4573",0.899554125
"4574",41.91155944
"4575",45.77046106
"4576",0
"4577",2.749074467
"4578",28.74221631
"4579",33.74215602
"4580",0
"4581",20.54633014
"4582",34.2854552
"4583",0.52608193
"4584",35.20097749
"4585",57.87416713
"4586",28.17135486
"4587",42.18931962
"4588",54.86277738
"4589",1.720185042
"4590",52.96278289
"4591",55.26466335
"4592",0
"4593",2.565604497
"4594",25.67305216
"4595",40.24019595
"4596",0
"4597",20.84643886
"4598",46.31398784
"4599",0.553317014
"4600",32.70750682
"4601",69.61841713
"4602",38.40380593
"4603",57.42667045
"4604",86.23315653
"4605",1.44008073
"4606",43.53836522
"4607",69.79590237
"4608",0
